User,Delay
1,0.000284953
2,0.217167
3,0.169
4,0.139658
5,0.000276031
6,0.000280478
