User,Delay
1,0.000284943
2,0.199746
3,0.000396391
4,0.000382827
5,0.000271547
6,0.000280507
