User,Jitter
1,4.47516e-06
2,0.216882
3,0.0481666
4,0.0293429
5,0.000275913
6,4.44614e-06
