User,Jitter
1,4.43646e-06
2,0.199461
3,0.19935
4,1.35645e-05
5,0.000271429
6,8.95926e-06
