User,Delay,Throughput,EnergyConsumption,LostPackets,Jitter
1,0.000284953,10.2366,1249.08,2,4.47516e-06
2,0.217167,28.416,1248.44,4335,0.216882
3,0.169,44.8683,43.7754,3371,0.0481666
4,0.139658,54.8864,848.052,2784,0.0293429
5,0.000276031,10.2366,718.603,2,0.000275913
6,0.000280478,10.2366,264.2,2,4.44614e-06
