User,Delay
1,0.229936
2,0.293587
3,0.282215
4,0.291918
5,0.216722
6,0.118008
