User,Delay
1,0.00028265
2,0.142007
3,0.0317062
4,0.000323179
5,0.000273621
6,0.000303816
