User,Delay
1,0.000368989
2,0.242612
3,0.000433743
4,0.0780124
5,0.000349563
6,0.101735
