User,Jitter
1,2.11655e-05
2,0.141725
3,0.110301
4,0.031383
5,0.000273503
6,3.01947e-05
