User,Jitter
1,0.101366
2,0.242243
3,0.242178
4,0.0775787
5,0.000349445
6,0.101386
