User,Delay,Throughput,EnergyConsumption,LostPackets,Jitter
1,0.000368989,10.2349,1356.53,3,0.101366
2,0.242612,19.9509,1512.3,4831,0.242243
3,0.000433743,102.349,1409.92,3,0.242178
4,0.0780124,74.7179,363.201,1622,0.0775787
5,0.000349563,10.2349,771.714,3,0.000349445
6,0.101735,6.46997,384.368,2209,0.101386
