User,Delay
1,0.000587951
2,0.297794
3,0.114779
4,0.297785
5,0.235867
6,0.270792
