User,Jitter
1,0.270205
2,0.297206
3,0.183015
4,0.183006
5,0.235867
6,0.0349255
