User,Throughput
1,10.2281
2,1.5872
3,63.4197
4,1.5872
5,2.14869
6,1.32267
