User,Delay
1,0.215851
2,0.288467
3,0.292746
4,0.288485
5,0.22235
6,0.219268
