User,Jitter
1,0.00341701
2,0.0726159
3,0.00427937
4,0.00426151
5,0.22235
6,0.00308251
