User,Throughput
1,2.88427
2,4.01067
3,2.83307
4,4.01067
5,2.67264
6,2.76309
