User,Delay
1,0.000272332
2,0.000295283
3,0.000317942
4,0.000317095
