User,Jitter
1,0.000272214
2,2.29508e-05
3,2.26592e-05
4,8.46943e-07
