User,Jitter
1,2.29213e-05
2,2.62195e-05
3,8.02164e-06
4,6.06199e-06
5,0.000273743
6,3.19967e-05
