User,Delay
1,0.00036359
2,0.000323928
3,0.214466
4,0.000446389
5,0.000286726
6,0.00054717
