User,Jitter
1,0.00018358
2,3.96621e-05
3,0.214142
4,0.21402
5,0.000286608
6,0.000260444
