User,Delay,Throughput,EnergyConsumption,LostPackets,Jitter
1,0.00036359,10.2349,338.13,3,0.00018358
2,0.000323928,102.349,63.9641,3,3.96621e-05
3,0.214466,23.1936,1350.58,4641,0.214142
4,0.000446389,102.349,1786.27,3,0.21402
5,0.000286726,10.2366,1590.54,2,0.000286608
6,0.00054717,10.2298,453.59,6,0.000260444
