User,Delay
1,0
2,0.28287
3,0
4,0.293294
5,0
6,0
7,0.000579836
8,0.000616078
9,0
10,0.329018
11,0
12,0.000574461
13,0
14,0
15,0.305513
16,0
17,0
18,0
19,0
20,0
