User,Throughput
1,0
2,3.84
3,0
4,1.70667
5,0
6,0
7,10.2298
8,10.2263
9,0
10,0.515413
11,0
12,10.2281
13,0
14,0
15,0.631467
16,0
17,0
18,0
19,0
20,0
