User,Delay
1,0.000271498
2,0.000341113
3,0.0974196
4,0.000383621
