User,Jitter
1,0.00027138
2,6.96149e-05
3,0.0970784
4,0.0970359
