User,Delay,Throughput,EnergyConsumption,LostPackets,Jitter
1,0.000301775,10.2349,1120.78,3,4.46549e-06
2,0.000334736,102.349,292.987,3,3.29615e-05
3,0.146268,52.8555,701.09,2903,0.145933
4,0.172639,46.3872,658.046,3282,0.0263714
5,0.00046991,10.2315,694.551,5,0.000469792
6,0.000297309,10.2366,704.46,2,0.0001726
