User,Delay
1,0
2,0
3,0
4,0
5,0
6,0
7,0
8,0
9,0
10,0
11,0
12,0
13,0.347626
14,0.283051
15,0
16,0.301628
17,0.263491
18,0
19,0
20,0
