User,Delay
1,0.274558
2,0.363037
3,0.296861
4,0.297325
5,0.273807
6,0.281434
7,0.281633
8,0.272425
9,0.245564
10,0.305166
