User,Jitter
1,0.178069
2,0.147756
3,0.0307816
4,0
5,0.000464147
6,4.68746e-06
