User,Delay
1,0.000356044
2,0.23902
3,0.000317349
4,0.000334386
5,0.000278914
6,0.000312899
