User,Delay
1,0.000333293
2,0.000280547
3,0.227837
4,0.228286
