User,Jitter
1,0.000333175
2,5.27456e-05
3,0.227557
4,0.000448569
