User,Jitter
1,0
2,0
3,0
4,0
5,0.000627908
6,1.76169e-05
7,0.000610409
8,0
9,0
10,0
