User,Delay
1,0.000365562
2,0.000276269
3,0.000287847
