User,Delay
1,0.000271498
2,0.00028937
3,0.000298398
4,0.000307331
