User,Jitter
1,0.00027138
2,1.78718e-05
3,9.0285e-06
4,8.93247e-06
