User,Delay,Throughput,EnergyConsumption,LostPackets,Jitter
1,0.000390699,10.2298,394.784,6,0.000100893
2,0.181107,40.9429,1614.03,3601,0.180716
3,0.00864332,99.8741,1357.21,148,0.172464
4,0.204697,32.9045,623.299,4072,0.196054
5,0.000280383,10.2349,717.415,3,0.000280265
6,0.000289807,10.2349,1049.7,3,9.42375e-06
