NodeType,NodeId,X,Y,Z,DistanceFromBSS
gNB,0,0,0,0,0
UE,1,71.5409,54.4361,1.5,89.9091
UE,2,20.6376,5.69904,1.5,21.4625
UE,3,123.635,66.718,1.5,140.496
UE,4,5.97237,85.3665,1.5,85.5883
