User,Delay
1,0.00337357
2,0.256623
3,0.126764
4,0.27091
5,0.000465004
6,0.000361326
