User,Delay,Throughput,EnergyConsumption,LostPackets,Jitter
1,0.00337357,10.1581,700.786,48,0.00301225
2,0.256623,14.9333,719.548,5125,0.25325
3,0.126764,59.4261,291.125,2518,0.129859
4,0.27091,10.7008,346.756,5373,0.144146
5,0.000465004,10.2349,930.379,3,0.000464886
6,0.000361326,10.2366,1074.74,2,0.000103677
