User,Delay
1,0.0986835
2,0.283808
3,0.00039135
4,0.277739
5,0.253072
6,0.000309097
7,0.000313561
8,0.0277244
9,0.181138
10,0.28671
