User,Throughput
1,65.9285
2,2.08213
3,102.349
4,8.192
5,1.34485
6,10.2349
7,10.2349
8,9.33547
9,1.99851
10,3.85707
