User,Jitter
1,0.0306083
2,0.0884791
3,0.0661763
4,0.000463853
5,0.273807
6,0.00762642
7,0.000199026
8,0.00920793
9,0.0268607
10,0.0596022
