User,Throughput
1,0.0170667
2,0.580267
3,1.51893
4,1.62133
5,0.59904
6,0.667307
7,0.6656
8,0.97792
9,1.89952
10,0.682667
