User,Delay
1,0.326869
2,0.283296
3,0.274397
4,0.294382
5,0.301999
6,0.30139
7,0.266422
8,0.000404627
9,0.000409091
10,0.273212
