User,Delay,Throughput,EnergyConsumption,LostPackets,Jitter
1,0.326869,1.04107,1091.12,5939,0.0536568
2,0.283296,1.1264,240.177,5934,0.0435727
3,0.274397,8.68693,1463.78,5491,0.00889903
4,0.294382,2.23573,528.894,5869,0.0199847
5,0.301999,0.969387,1135.79,5432,0.301999
6,0.30139,1.11957,1803.31,5344,0.000609398
7,0.266422,1.19296,176.996,5301,0.0349677
8,0.000404627,10.2315,192.509,5,0.266018
9,0.000409091,10.2315,497.77,5,4.464e-06
10,0.273212,9.18187,1518.14,5462,0.272803
