User,Delay
1,0.000271498
2,0.000275968
3,0.000298555
4,0.000367716
