User,Jitter
1,0.00027138
2,4.46995e-06
3,2.25867e-05
4,6.91614e-05
