User,Jitter
1,4.63715e-06
2,9.0556e-06
3,0.192507
4,0.192476
5,0.000272194
6,1.36187e-05
