User,Jitter
1,0.0956185
2,0.187359
3,0.242268
4,0.00206102
5,0.240105
6,0.0962818
