User,Delay
1,0.000313104
2,0.0725769
3,0.000426679
4,0.00033619
5,0.00028277
6,0.000287235
