User,Delay
1,0.000395662
2,0.0371278
3,0.276296
4,0.287406
5,0.131286
6,0.0973555
