User,Jitter
1,2.58689e-05
2,0.0722638
3,0.0721503
4,9.04897e-05
5,0.000282652
6,4.46549e-06
