User,Jitter
1,0.0969598
2,0.0367321
3,0.239168
4,0.0111103
5,0.131286
6,0.0339308
