User,Delay,Throughput,EnergyConsumption,LostPackets,Jitter
1,0.000395662,10.2349,1608.02,3,0.0969598
2,0.0371278,89.8731,101.41,734,0.0367321
3,0.276296,8.22613,1080.11,5518,0.239168
4,0.287406,4.53973,1242.83,5734,0.0111103
5,0.131286,5.80437,441.072,2599,0.131286
6,0.0973555,6.92907,1564.99,1940,0.0339308
