User,Throughput
1,10.2349
2,89.8731
3,8.22613
4,4.53973
5,5.80437
6,6.92907
