User,Jitter
1,0
2,0
3,0
4,0
5,1.18e-07
6,0
7,0
8,0
9,0.360973
10,0.360973
11,0
12,0
13,0
14,0
15,0.32714
16,0.32714
17,0
18,0
19,0
20,0
