User,Delay
1,0.0319408
2,0.00043915
3,0.000580205
4,0.166226
