User,Delay
1,0.000285298
2,0.000291432
3,0.0671686
4,0.116715
5,0.000294844
6,0.000277859
