User,Jitter
1,0.0319406
2,0.0315016
3,0.000141055
4,0.165646
