User,Delay,Throughput,EnergyConsumption,LostPackets,Jitter
1,0.000285298,10.2366,193.934,2,7.43892e-06
2,0.000291432,102.349,16.1212,3,6.1337e-06
3,0.0671686,79.8549,635.519,1321,0.0668772
4,0.116715,62.9419,729.553,2312,0.0495461
5,0.000294844,10.2366,750.74,2,0.000294726
6,0.000277859,10.2366,1035.32,2,1.69849e-05
