User,Jitter
1,0.0116767
2,0.00919057
3,0.0219735
4,0.00710015
5,1.18e-07
6,0.00052149
7,6.77856e-05
8,0.280291
9,0.0100323
10,0.0359857
11,0.128571
12,0.177686
13,8.928e-06
14,0.271825
15,0.0503946
16,0.0188668
17,0.0123085
18,0.00194882
19,0.0938603
20,0.0780895
