User,Delay
1,0.239442
2,0.0520821
3,0.29435
4,0.296411
5,0.240105
6,0.143823
