User,Delay,Throughput,EnergyConsumption,LostPackets,Jitter
1,0.239442,2.07531,1284.29,4784,0.0956185
2,0.0520821,84.8043,272.856,1031,0.187359
3,0.29435,2.11627,898.647,5876,0.242268
4,0.296411,2.33813,1416.14,5863,0.00206102
5,0.240105,1.9968,1632.49,4830,0.240105
6,0.143823,5.34357,1804.43,2869,0.0962818
