User,Throughput
1,2.07531
2,84.8043
3,2.11627
4,2.33813
5,1.9968
6,5.34357
