User,Delay
1,0.294294
2,0.162972
3,0.299902
4,0.2927
5,0.263651
6,0.274972
7,0.278399
8,0.000407213
9,0.000411677
10,0.300643
