User,Jitter
1,0.00634887
2,0.131322
3,0.13693
4,0.00720164
5,0.263651
6,0.0113213
7,0.00342664
8,0.277992
9,4.464e-06
10,0.300232
