User,Throughput
1,1.46773
2,46.4384
3,2.32107
4,2.95253
5,1.25781
6,0.88576
7,0.954027
8,10.2315
9,10.2315
10,1.04107
