User,Delay
1,0.000365082
2,0.000276097
3,0.000285019
