User,Delay
1,0.00027596
2,0.000280428
3,0.0870092
4,0.110438
