User,Jitter
1,0.000275842
2,4.46847e-06
3,0.0867288
4,0.0234291
