User,Jitter
1,0.17222
2,0.000690654
3,0.115809
4,8.928e-06
5,0.000394916
6,0.000165254
