User,Throughput
1,4.38443
2,43.8101
3,4.52267
4,4.52267
5,10.2315
6,10.2315
