User,Jitter
1,0.272424
2,0.0310126
3,0.303436
4,0
5,0.251026
6,0.25061
7,0.262349
8,0.223643
9,0.207404
10,0.00202955
11,0.248556
12,0.228205
13,0.0949179
14,0.109743
15,0.0496376
16,0.0202613
17,0.0247403
18,0.297146
19,0
20,0
