User,Delay
1,0.000365061
2,0.000276087
3,0.00028502
