User,Delay
1,0.000271498
2,0.000275967
3,0.000298468
4,0.000307334
