User,Jitter
1,0.00027138
2,4.46847e-06
3,2.25011e-05
4,8.86621e-06
