User,Jitter
1,4.46549e-06
2,0.209574
3,0.209552
4,2.57483e-05
5,0.000272044
6,4.46549e-06
