User,Delay
1,0.254907
2,0.115419
3,0.115326
4,0
5,0.236622
6,0.255338
