User,Jitter
1,0.000430784
2,0.139488
3,9.30259e-05
4,0.115326
5,0.236622
6,0.0187156
