User,Throughput
1,1.55136
2,63.3515
3,63.3685
4,0
5,2.19819
6,1.54795
