User,Delay
1,0.000290921
2,0.0963575
3,0.000311418
4,0.218261
5,0.000319124
6,0.000342055
