User,Delay
1,0.000806066
2,0.000393952
3,0.232782
4,0.209005
5,0.000348772
6,0.00034716
