User,Jitter
1,0.000458907
2,0.000412114
3,0.232388
4,0.0237768
5,0.000348654
6,1.61253e-06
