User,Jitter
1,5.11342e-05
2,0.0960666
3,0.0960461
4,0.21795
5,0.000319006
6,2.2931e-05
