User,Delay,Throughput,EnergyConsumption,LostPackets,Jitter
1,0.000806066,10.2298,235.592,6,0.000458907
2,0.000393952,102.315,32.6413,5,0.000412114
3,0.232782,23.1083,536.397,4646,0.232388
4,0.209005,31.0101,1230.98,4183,0.0237768
5,0.000348772,10.2366,1608.38,2,0.000348654
6,0.00034716,10.2366,611.151,2,1.61253e-06
