User,Delay
1,0.00037507
2,0.000298748
3,0.2046
4,0.000329634
5,0.000294343
6,0.0002969
