User,Delay
1,0.000384831
2,0.15726
3,0.240709
4,0.000333845
5,0.000300553
6,0.000286125
