User,Jitter
1,7.81701e-05
2,7.63218e-05
3,0.204302
4,0.204271
5,0.000294225
6,2.55646e-06
