User,Jitter
1,9.87055e-05
2,0.156875
3,0.0834495
4,0.240375
5,0.000300435
6,1.44275e-05
