User,Delay,Throughput,EnergyConsumption,LostPackets,Jitter
1,0.000384831,10.2315,646.84,5,9.87055e-05
2,0.15726,48.4523,801.42,3161,0.156875
3,0.240709,20.0363,401.991,4826,0.0834495
4,0.000333845,102.349,1191.95,3,0.240375
5,0.000300553,10.2366,550.408,2,0.000300435
6,0.000286125,10.2366,164.559,2,1.44275e-05
