NodeType,NodeId,X,Y,Z,DistanceFromBSS
gNB,0,0,0,0,0
UE,1,113.687,3.13221,1.5,113.74
UE,2,115.583,51.6399,1.5,126.603
UE,3,3.01582,89.6017,1.5,89.665
UE,4,130.99,81.72,1.5,154.399
UE,5,65.0101,82.3383,1.5,104.92
UE,6,0.866413,57.3427,1.5,57.3689
