User,Delay
1,0.000281167
2,0.00034882
3,0.000311601
4,0.000320552
5,0.000271599
6,0.000276072
