User,Delay,Throughput,EnergyConsumption,LostPackets,Jitter
1,0.000289403,10.2349,1449.7,3,5.18421e-05
2,0.163978,46.592,1127.72,3270,0.163688
3,0.26109,13.4315,1551.62,5213,0.0971121
4,0.000383344,102.349,1291.49,3,0.260706
5,0.000271552,10.2366,279.006,2,0.000271434
6,0.000341246,10.2349,500.626,3,6.96938e-05
