User,Delay
1,0.295077
2,0.260611
3,0.0610798
4,0.0441683
5,0.273562
6,0.268078
7,0.000486183
8,0.174979
9,0.273601
10,0.278844
