User,Delay
1,0.283266
2,0.317636
3,0.329026
4,0
5,0.269719
6,0.000419899
7,0.000372947
8,0.195796
9,0.000381875
10,0.194984
11,0.0279369
12,0.19531
13,0.246173
14,0.216226
15,0.262835
16,0.299404
17,0.288112
18,0.287148
19,0
20,0
