User,Jitter
1,0.0162332
2,0.0344667
3,0.199531
4,0.0169116
5,0.273561
6,0.00548399
7,0.267591
8,0.174493
9,0.0986212
10,0.00524352
