User,Jitter
1,0.283266
2,0.0343703
3,0.0113894
4,0.329026
5,0.269719
6,0.269299
7,4.69522e-05
8,0.195423
9,0.195414
10,0.194602
11,0.167047
12,0.167373
13,0.0508624
14,0.0299463
15,0.0466082
16,0.0365697
17,0.0112926
18,0.00096359
19,0.287148
20,0
