User,Delay
1,0
2,0
3,0
4,0
5,0.152383
6,0.28641
7,0.000574098
8,0.000566234
9,0.357386
10,0.000603026
11,0
12,0.000651115
13,0.000541237
14,0
15,0.216131
16,0
17,0
18,0.317767
19,0.291973
20,0
