User,Jitter
1,0
2,0
3,0.376008
4,0.0770827
5,0.328698
6,0.0187114
7,0.34741
8,0.000551289
9,0.330618
10,0.331169
