User,Jitter
1,0
2,0
3,0
4,0
5,0.152383
6,0.134027
7,0.285836
8,7.86361e-06
9,0.35682
10,0.356783
11,0.000603026
12,0.000651115
13,0.000109878
14,0.000541237
15,0.216131
16,0.216131
17,0
18,0.317767
19,0.0257944
20,0.291973
