User,Delay,Throughput,EnergyConsumption,LostPackets,Jitter
1,0,0,575.641,6000,0
2,0,0,732.862,6000,0
3,0.376008,0.375467,1011.12,5978,0.376008
4,0.298926,1.4848,577.976,5913,0.0770827
5,0.328698,0.597333,1073.37,5650,0.328698
6,0.34741,0.116053,447.766,5932,0.0187114
7,0,0,488.363,6000,0.34741
8,0.000551289,10.2366,800.378,2,0.000551289
9,0.331169,0.0836267,801.184,5951,0.330618
10,0,0,167.644,6000,0.331169
