User,Throughput
1,0
2,0
3,0
4,0
5,0.0768
6,0.3584
7,10.2281
8,10.2281
9,0.0341333
10,10.2281
11,0
12,10.2263
13,10.2281
14,0
15,28.9963
16,0
17,0
18,0.8704
19,3.25973
20,0
