User,Delay
1,0
2,0
3,0.190862
4,0
5,0
6,0
7,0.362435
8,0.273357
9,0.000480081
10,0.220445
