User,Throughput
1,0
2,0
3,37.0005
4,0
5,0
6,0
7,0.110933
8,0.925013
9,10.2263
10,27.3067
