User,Delay
1,0.000515537
2,0.0564432
3,0
4,0.296354
5,0.203307
6,0.000509582
