User,Jitter
1,5.95572e-06
2,0.0559277
3,0.0564432
4,0.296354
5,0.203306
6,0.202797
