User,Throughput
1,10.2349
2,83.4731
3,0
4,1.72373
5,3.40309
6,10.2349
