User,Jitter
1,9.39253e-06
2,6.39428e-05
3,0.259421
4,0.00036279
5,0.000300561
6,1.8393e-05
