User,Delay
1,0.0738666
2,0.297009
3,0.266029
4,0.295235
5,0.167185
6,0.262569
