User,Jitter
1,0.188702
2,0.223142
3,0.0309804
4,0.029206
5,0.167185
6,0.0953834
