User,Throughput
1,7.72437
2,1.8944
3,11.776
4,1.92853
5,4.54656
6,1.83979
