User,Delay
1,0.0247349
2,0.0301644
3,0.0294951
4,0.0285913
5,0.0250792
6,0.0247751
