User,Jitter
1,0.000402256
2,0.054295
3,0.00669346
4,0.00903786
5,0.250792
6,0.0030406
