User,Throughput
1,1.73056
2,1.75787
3,1.75787
4,4.53973
5,1.63157
6,1.72715
