User,Delay
1,0.000271529
2,0.000280824
3,0.207885
4,0.000320395
