User,Delay
1,0.000289729
2,0.000298989
3,0.0440435
4,0.000373414
5,0.000276101
6,0.000285272
