User,Jitter
1,4.4573e-06
2,9.26022e-06
3,0.0437445
4,0.0436701
5,0.000275983
6,9.17063e-06
