User,Jitter
1,0.000271411
2,9.29419e-06
3,0.207604
4,0.207564
