User,Delay
1,0.112921
2,0.318313
3,0.000395244
4,0.290638
5,0.000302799
6,0.000307263
7,0.000311727
8,0.264564
9,0.244762
10,0.275048
