User,Jitter
1,0.162128
2,0.205393
3,0.317918
4,0.290243
5,0.000302681
6,4.464e-06
7,4.464e-06
8,0.264252
9,0.0198016
10,0.0302862
