User,Throughput
1,5.02272
2,102.332
3,102.332
4,102.332
5,4.50901
6,3.89973
