User,Delay
1,0.000383936
2,0.268795
3,0.000408359
4,0.000422017
5,0.000347908
6,0.000353744
