User,Delay
1,0.00027949
2,0.000284573
3,0.000404267
4,0.000319995
