User,Jitter
1,3.0192e-05
2,0.268411
3,0.268387
4,1.36587e-05
5,0.00034779
6,5.83559e-06
