User,Jitter
1,0.000279372
2,5.08248e-06
3,0.000119694
4,8.42712e-05
