User,Delay,Throughput,EnergyConsumption,LostPackets,Jitter
1,0.000383936,10.2315,61.0127,5,3.0192e-05
2,0.268795,10.7349,1610.58,5371,0.268411
3,0.000408359,102.315,154.022,5,0.268387
4,0.000422017,102.315,431.322,5,1.36587e-05
5,0.000347908,10.2315,391.778,5,0.00034779
6,0.000353744,10.2315,874.219,5,5.83559e-06
