User,Jitter
1,0.000589332
2,0.121352
3,0.121941
4,0.345064
5,0.236858
6,0.236858
