User,Delay
1,0.000282936
2,0.000309155
3,0.000317177
4,0.000323239
5,0.000273861
6,0.000305857
