User,Delay,Throughput,EnergyConsumption,LostPackets,Jitter
1,0.000282936,10.2366,837.93,2,2.29213e-05
2,0.000309155,102.349,330.94,3,2.62195e-05
3,0.000317177,102.349,673.863,3,8.02164e-06
4,0.000323239,102.349,356.961,3,6.06199e-06
5,0.000273861,10.2366,322.578,2,0.000273743
6,0.000305857,10.2366,71.4651,2,3.19967e-05
