User,Delay,Throughput,EnergyConsumption,LostPackets,Jitter
1,0.000561152,10.2298,742.042,6,6.50296e-05
2,0.294731,2.5088,971.414,5853,0.29417
3,0,0,392.521,6000,0.294731
4,0.0684236,79.3088,1701.5,1353,0.0684236
5,0.000500059,10.2315,314.981,5,0.000499941
6,0.000496122,10.2315,387.99,5,3.93653e-06
