User,Delay,Throughput,EnergyConsumption,LostPackets,Jitter
1,0.000281144,10.2366,292.715,2,4.08563e-06
2,0.000294983,102.349,362.597,3,1.38382e-05
3,0.000351965,102.349,542.983,3,5.6982e-05
4,0.242446,19.6608,611.652,4848,0.242094
5,0.000272414,10.2366,261.54,2,0.000272296
6,0.00028523,10.2366,947.638,2,1.28156e-05
