User,Delay
1,0.322403
2,0
3,0.115049
4,0.301893
5,0.234363
6,0.000495891
