User,Jitter
1,0.321908
2,0.322403
3,0.115049
4,0.186844
5,0.234363
6,0.233867
