User,Throughput
1,0.6656
2,0
3,63.4027
4,0.170667
5,2.26816
6,10.2298
