User,Delay
1,0.000284944
2,0.243379
3,0.000316311
4,0.094943
5,0.000271562
6,0.000280495
