User,Delay,Throughput,EnergyConsumption,LostPackets,Jitter
1,0.000284944,10.2366,802.729,2,4.44911e-06
2,0.243379,19.4901,1190.76,4858,0.243095
3,0.000316311,102.349,620.025,3,0.243063
4,0.094943,70.1611,327.989,1889,0.0946267
5,0.000271562,10.2366,394.457,2,0.000271444
6,0.000280495,10.2366,548.52,2,8.93321e-06
