User,Delay
1,0.217999
2,0.292401
3,0.285748
4,0.276773
5,0.00041255
6,0.000417045
