User,Jitter
1,0.217582
2,0.0744022
3,0.0066536
4,0.00897435
5,0.000412432
6,4.49526e-06
