User,Throughput
1,2.81259
2,2.78187
3,4.94933
4,8.00427
5,10.2366
6,10.2366
