User,Delay
1,0.307796
2,0.202003
3,0
4,0
5,0
6,0.000518633
