User,Jitter
1,0.307277
2,0.105793
3,0.202003
4,0
5,1.18e-07
6,0.000518633
