User,Throughput
1,1.56843
2,0.0853333
3,0
4,0
5,0
6,10.2366
