User,Delay
1,0.000316103
2,0.000282214
3,0.000295752
4,0.000304662
