User,Jitter
1,0.000315985
2,3.38889e-05
3,1.35384e-05
4,8.91013e-06
