User,Delay,Throughput,EnergyConsumption,LostPackets,Jitter
1,0.000333491,10.2366,244.655,2,2.78256e-06
2,0.000355132,102.332,93.9382,4,2.16403e-05
3,0.242473,21.0603,372.039,4766,0.242118
4,0.101095,54.8864,562.766,2784,0.141378
5,0.000321638,10.2366,739.934,2,0.00032152
6,0.000330709,10.2366,893.015,2,9.07034e-06
