User,Delay
1,0.000403814
2,0.00292938
3,0.112156
4,0.0799113
5,0.000322675
6,0.0003306
