User,Jitter
1,7.32142e-05
2,0.00252557
3,0.109227
4,0.0322448
5,0.000322557
6,7.92463e-06
