User,Delay
1,0.00536393
2,0.246196
3,0.270469
4,0.000325801
5,0.018643
6,0.000318775
