User,Delay
1,0.00027596
2,0.000293832
3,0.000302868
4,0.000311793
