User,Jitter
1,0.00504515
2,0.240832
3,0.0242729
4,0.270143
5,0.0186429
6,0.0183242
