User,Jitter
1,0.000275842
2,1.78718e-05
3,9.03669e-06
4,8.92428e-06
