User,Delay,Throughput,EnergyConsumption,LostPackets,Jitter
1,0.00536393,10.1052,681.129,79,0.00504515
2,0.246196,18.7221,1909.87,4903,0.240832
3,0.270469,10.3424,1029.71,5394,0.0242729
4,0.000325801,102.332,981.491,4,0.270143
5,0.018643,9.5744,633.365,390,0.0186429
6,0.000318775,10.2366,1342.23,2,0.0183242
