User,Delay
1,0.293975
2,0.291144
3,0.292074
4,0.295663
5,0.268136
6,0.000446155
7,0.261222
8,0.253633
9,0.000459547
10,0.239984
