User,Delay
1,0.000281294
2,0.00029035
3,0.192798
4,0.000321489
5,0.000272312
6,0.000285931
