User,Delay,Throughput,EnergyConsumption,LostPackets,Jitter
1,0.000281294,10.2366,953.899,2,4.63715e-06
2,0.00029035,102.349,880.906,3,9.0556e-06
3,0.192798,36.9323,113.033,3836,0.192507
4,0.000321489,102.349,1033.49,3,0.192476
5,0.000272312,10.2366,1030.04,2,0.000272194
6,0.000285931,10.2366,5.83613,2,1.36187e-05
