User,Jitter
1,0.349691
2,0.349691
3,0
4,0
5,1.18e-07
6,0.289005
7,0.289005
8,0
9,0
10,0.346408
11,0.15242
12,0.223331
13,0.416707
14,0.000611324
15,0
16,0.438571
17,0.438571
18,0
19,0
20,0
