User,Jitter
1,5.1115e-06
2,0.000314817
3,0.000244881
4,0.181153
5,0.000303842
6,2.88089e-06
