User,Delay,Throughput,EnergyConsumption,LostPackets,Jitter
1,0.000311952,10.2366,515.8,2,5.1115e-06
2,0.000626769,102.315,696.355,5,0.000314817
3,0.000381888,102.349,360.531,3,0.000244881
4,0.181535,43.1787,622.742,3470,0.181153
5,0.00030396,10.2366,778.149,2,0.000303842
6,0.000306841,10.2366,583.213,2,2.88089e-06
