User,Delay
1,0.000365193
2,0.000276133
3,0.000285024
