NodeType,NodeId,X,Y,Z,DistanceFromBSS
gNB,0,0,0,0,0
UE,1,45.5499,83.6352,1.5,95.2464
UE,2,23.3543,0.863327,1.5,23.4184
UE,3,3.79693,108.425,1.5,108.502
UE,4,29.9917,128.38,1.5,131.845
