User,Delay
1,0.229334
2,0
3,0
4,0
5,0.303285
6,0
7,0.215301
8,0
9,0.000696614
10,0
11,0
12,0
13,0
14,0
15,0.239045
16,0.21957
17,0
18,0
19,0
20,0
