User,Delay
1,0
2,0
3,0.296146
4,0.29641
5,0
6,0.247842
7,0
8,0
9,0.29803
10,0
