User,Throughput
1,24.4395
2,0
3,0
4,0
5,0.0955733
6,0
7,2.93888
8,0
9,10.2315
10,0
11,0
12,0
13,0
14,0
15,21.1456
16,27.7333
17,0
18,0
19,0
20,0
