User,Delay,Throughput,EnergyConsumption,LostPackets,Jitter
1,0.000280483,10.2366,342.158,2,4.46772e-06
2,0.000294005,102.349,219.371,3,1.35224e-05
3,0.000319778,102.349,806.38,3,2.57725e-05
4,0.000320217,102.349,530.28,3,4.39852e-07
5,0.000271558,10.2366,260.33,2,0.00027144
6,0.000276015,10.2366,1290.25,2,4.4573e-06
