User,Throughput
1,31.3856
2,0.853333
3,1.41653
4,0
5,0.955733
6,0.64512
7,10.2366
8,0.955733
9,0.571733
10,31.3856
