User,Delay
1,0.000280483
2,0.000294005
3,0.000319778
4,0.000320217
5,0.000271558
6,0.000276015
