User,Jitter
1,0.00027138
2,4.46847e-06
3,0.223439
4,0.000339934
