User,Jitter
1,4.46772e-06
2,1.35224e-05
3,2.57725e-05
4,4.39852e-07
5,0.00027144
6,4.4573e-06
