User,Delay
1,0
2,0
3,0
4,0
5,0
6,0.174045
7,0.000587003
8,0
9,0
10,0
