User,Jitter
1,0
2,0
3,0
4,0
5,1.18e-07
6,0.174045
7,0.173458
8,0.000587003
9,0
10,0
