User,Delay
1,0.25643
2,0
3,0.133821
4,0.120009
5,0.256792
6,0.320197
