User,Jitter
1,0.0637676
2,0.25643
3,0.133821
4,0.0138124
5,0.256792
6,0.0634049
