User,Throughput
1,1.50699
2,0
3,56.9515
4,61.6448
5,1.46944
6,0.48128
