User,Delay
1,0.224966
2,0.0500926
3,0.284629
4,0.293921
5,0.0523052
6,0.239196
