User,Jitter
1,0.0142309
2,0.174873
3,0.234536
4,0.00929195
5,0.052305
6,0.186891
