User,Throughput
1,2.58731
2,85.4357
3,5.5296
4,2.13333
5,8.47189
6,2.08896
