User,Delay
1,0
2,0.303816
3,0.348125
4,0.376866
5,0
6,0
7,0.253396
8,0
9,0.346741
10,0.299514
