User,Delay
1,0.0237778
2,0.0296254
3,0.0294424
4,0.026397
5,0.0000444696
6,0.0216477
