User,Jitter
1,0.021301
2,0.0584759
3,0.00182989
4,0.0304546
5,0.000444578
6,0.216033
