User,Throughput
1,2.13504
2,2.01387
3,1.9968
4,12.4928
5,10.2366
6,2.86208
