User,Delay
1,0.2285
2,0.294304
3,0.296575
4,0.295664
5,0.000443047
6,0.000448344
