User,Jitter
1,0.228052
2,0.0658037
3,0.00227169
4,0.000911487
5,0.000442929
6,5.29709e-06
