User,Throughput
1,2.46613
2,2.44053
3,1.70667
4,1.72373
5,10.2332
6,10.2332
