User,Jitter
1,0.0657212
2,0.00715874
3,0.0872433
4,0.209716
5,0.0112786
6,0.299684
7,0.31054
8,3.73961e-05
9,0.276362
10,0.0312133
