User,Delay
0,0.071973
1,0.137284
2,0.284236
0,0.0720168
1,0.137284
2,0.284277
0,0.0719751
1,0.137284
2,0.284236
0,0.072008
1,0.137284
2,0.284236
0,0.0720081
1,0.137284
2,0.284236
