User,Delay
0,0.071973
1,0.137284
2,0.284236
