User,Jitter
1,0.0919026
2,0.144468
3,0.000201417
4,0.00144509
5,0.221059
6,0.0220212
