User,Throughput
1,5.11488
2,2.03093
3,2.03093
4,2.048
5,2.7136
6,1.98485
