User,Jitter
1,0.00027138
2,4.46995e-06
3,8.27315e-05
4,3.53771e-05
