User,Delay
1,0.000442971
2,0.000308764
3,0.241271
4,0.000327631
5,0.000276611
6,0.000289621
