User,Delay,Throughput,EnergyConsumption,LostPackets,Jitter
1,0.000442971,10.2349,402.901,3,0.00015335
2,0.000308764,102.349,130.46,3,0.000134207
3,0.241271,21.7941,992.68,4723,0.240962
4,0.000327631,102.349,1102.31,3,0.240943
5,0.000276611,10.2366,921.537,2,0.000276493
6,0.000289621,10.2366,621.946,2,1.30097e-05
