User,Delay
1,0.315181
2,0.296141
3,0.190347
4,0
5,0.256734
6,0.183909
