User,Delay
1,0.170658
2,0.281538
3,0.296983
4,0.291834
5,0.257731
6,0.260412
7,0.262862
8,0.268677
9,0.249416
10,0.297616
