User,Jitter
1,0.00506505
2,0.306014
3,0.291336
4,0.106291
5,1.18e-07
6,0.351327
7,0.0729024
8,0.0402641
9,0.0408666
10,0.0149831
11,0.0061081
12,0.299669
13,8.95187e-06
14,0.196426
15,0.0021364
16,0.155622
17,0.0507331
18,0.29962
19,0
20,0.300949
