User,Throughput
1,44.1173
2,6.62187
3,2.2528
4,3.15733
5,1.40629
6,1.34315
7,1.30219
8,1.10251
9,1.03083
10,1.04107
