User,Jitter
1,0.0536568
2,0.0435727
3,0.00889903
4,0.0199847
5,0.301999
6,0.000609398
7,0.0349677
8,0.266018
9,4.464e-06
10,0.272803
