User,Throughput
1,1.04107
2,1.1264
3,8.68693
4,2.23573
5,0.969387
6,1.11957
7,1.19296
8,10.2315
9,10.2315
10,9.18187
