User,Delay
1,0.000402139
2,0.254895
3,0.000421274
4,0.288919
5,0.000426689
6,0.000339164
