User,Jitter
1,6.29747e-05
2,0.254493
3,0.254474
4,0.288497
5,0.000426571
6,8.75249e-05
