User,Delay
1,0.000364143
2,0.000803124
3,0.000414621
4,0.000419423
