User,Jitter
1,0.000364025
2,0.000438982
3,0.000388503
4,4.80221e-06
