User,Throughput
1,4.74283
2,3.31093
3,102.332
4,8.26027
5,10.2366
6,5.58592
