User,Delay
1,0.211858
2,0
3,0
4,0.176131
5,0
6,0.000492989
7,0.000497453
8,0
9,0
10,0
