User,Delay
1,0.263033
2,0.296611
3,0.271642
4,0.115972
5,0.239227
6,0.25199
