User,Delay
1,0.000374435
2,0.000481511
3,0.292658
4,0.000499465
5,0.173788
6,0.211045
