User,Delay
1,0.000291014
2,0.00037672
3,0.000378143
4,0.042385
5,0.000277289
6,0.000286555
