User,Delay
1,0.0002715
2,0.000275968
3,0.00028501
4,0.000298437
