User,Delay
1,0.296594
2,0.0429429
3,0.26104
4,0.261049
5,0.267214
6,0.274634
7,0.265855
8,0.0368171
