User,Delay
1,0.301682
2,0.301114
3,0
4,0
5,0.252786
6,0.273233
7,0.272143
8,0.133988
9,0.27432
10,0
11,0.164041
12,0.00044117
13,0.265063
14,0.276796
15,0.292572
16,0.301617
17,0.301625
18,0
19,0
20,0
21,0
