User,Delay
1,0.000316592
2,0.00028672
3,0.000430217
4,0.000320768
