User,Delay
1,0.297896
2,0.297804
3,0.271115
4,0.00536003
5,0.255914
6,0.224667
7,0.000375318
8,0.212831
9,0.255647
10,0.340954
