User,Delay
1,0.000457953
2,0.278419
3,0.292683
4,0.000511929
5,0.171311
6,0.000366622
