User,Jitter
1,0.0430579
2,9.15797e-05
3,0.0266887
4,0.265755
5,0.255914
6,0.0312467
7,0.224292
8,0.212456
9,0.0428157
10,0.0853067
