User,Jitter
1,0.0110435
2,0.0335779
3,0.0249695
4,0.15567
5,0.239227
6,0.0127626
