User,Jitter
1,0.301682
2,0.000567356
3,0.301114
4,0
5,0.252786
6,0.0204476
7,0.00109078
8,0.138154
9,0.140332
10,0.27432
11,0.164041
12,0.1636
13,0.264622
14,0.0117327
15,0.0157758
16,0.00904517
17,8.4537e-06
18,0.301625
19,0
20,0
21,0
