User,Jitter
1,9.13305e-05
2,0.277961
3,0.014264
4,0.292171
5,0.17131
6,0.170944
