User,Jitter
1,0.00027138
2,4.46847e-06
3,9.04932e-06
4,8.92669e-06
