User,Jitter
1,0.000271382
2,4.46847e-06
3,9.04188e-06
4,1.34272e-05
