User,Jitter
1,4.45953e-06
2,8.57059e-05
3,1.4228e-06
4,0.0420069
5,0.000277171
6,9.26589e-06
