User,Jitter
1,0.21067
2,0.000107076
3,0.292176
4,0.292158
5,0.173788
6,0.0372566
