User,Jitter
1,0.259777
2,0.253651
3,0.218097
4,8.928e-06
5,0.267214
6,0.00742029
7,0.00877872
8,0.229038
