User,Delay,Throughput,EnergyConsumption,LostPackets,DeviceType,Distance
1,0.000271498,10.2366,35.3517,2,IoT,26.5901
2,0.000275967,10.2366,87.0586,2,IoT,41.7273
3,0.000285016,102.366,400.974,2,Smartphone,89.5515
4,0.000293943,102.349,746.241,3,Smartphone,122.167
