User,Delay,Throughput,EnergyConsumption,LostPackets,Jitter
1,0.296594,2.0992,1501.2,5877,0.259777
2,0.0429429,88.1323,1578.8,836,0.253651
3,0.26104,13.7557,1047.53,5194,0.218097
4,0.261049,13.7557,1197.24,5194,8.928e-06
5,0.267214,1.24757,1176.95,5269,0.267214
6,0.274634,0.933547,194.095,5453,0.00742029
7,0.265855,1.53259,398.99,5102,0.00877872
8,0.0368171,9.02485,388.083,712,0.229038
