User,Delay,Throughput,EnergyConsumption,LostPackets,Jitter
1,0.000291014,10.2366,129.146,2,4.45953e-06
2,0.00037672,102.349,401.232,3,8.57059e-05
3,0.000378143,102.315,1338.63,5,1.4228e-06
4,0.042385,88.064,48.7614,840,0.0420069
5,0.000277289,10.2366,599.233,2,0.000277171
6,0.000286555,10.2366,590.511,2,9.26589e-06
