User,Delay,Throughput,EnergyConsumption,LostPackets,Jitter
1,0.263033,1.53429,997.872,5101,0.0110435
2,0.296611,1.57013,1494.37,5908,0.0335779
3,0.271642,9.81333,718.232,5425,0.0249695
4,0.115972,62.8907,452.609,2315,0.15567
5,0.239227,2.0736,753.193,4785,0.239227
6,0.25199,1.57013,243.484,5080,0.0127626
