User,Delay,Throughput,EnergyConsumption,LostPackets,outputFileJitter,Distance
1,0.0002715,10.2366,359.178,2,0.000271382,84.7559
2,0.000275968,10.2366,188.877,2,4.46847e-06,61.4617
3,0.00028501,102.366,510.586,2,9.04188e-06,101.053
4,0.000298437,102.349,202.663,3,1.34272e-05,63.6652
