User,Delay,Throughput,EnergyConsumption,LostPackets,Jitter
1,0.000374435,10.2349,984.866,3,0.21067
2,0.000481511,102.315,301.564,5,0.000107076
3,0.292658,2.95253,220.783,5827,0.292176
4,0.000499465,102.315,1061.63,5,0.292158
5,0.173788,4.32981,99.7764,3463,0.173788
6,0.211045,3.03616,1097.2,4221,0.0372566
