User,Delay,Throughput,EnergyConsumption,LostPackets,Jitter
1,0.297896,1.26293,562.482,5926,0.0430579
2,0.297804,1.36533,1301.1,5920,9.15797e-05
3,0.271115,9.94987,1423.61,5417,0.0266887
4,0.00536003,100.83,1109.71,92,0.265755
5,0.255914,1.53088,86.3848,5103,0.255914
6,0.224667,2.72384,1287.18,4404,0.0312467
7,0.000375318,10.2366,546.032,2,0.224292
8,0.212831,2.98667,365.26,4250,0.212456
9,0.255647,1.52917,732.709,5104,0.0428157
10,0.340954,1.31413,321.562,5923,0.0853067
