User,Delay,Throughput,EnergyConsumption,LostPackets,Jitter
1,0.000457953,10.2349,1234.63,3,9.13305e-05
2,0.278419,7.59467,166.206,5555,0.277961
3,0.292683,3.072,508.397,5820,0.014264
4,0.000511929,102.349,846.387,3,0.292171
5,0.171311,4.4032,321.164,3420,0.17131
6,0.000366622,10.2366,64.2157,2,0.170944
