NodeType,NodeId,X,Y,Z,DistanceFromBSS
gNB,0,0,0,0,0
UE,1,25.0234,8.86639,1.5,26.5901
UE,2,1.08708,41.6862,1.5,41.7273
UE,3,51.9346,72.9385,1.5,89.5515
UE,4,107.634,57.7716,1.5,122.167
