User,Throughput
1,10.2349
2,102.315
3,2.95253
4,102.315
5,4.32981
6,3.03616
