User,Throughput
1,2.0992
2,88.1323
3,13.7557
4,13.7557
5,1.24757
6,0.933547
7,1.53259
8,9.02485
