User,Throughput
1,1.53429
2,1.57013
3,9.81333
4,62.8907
5,2.0736
6,1.57013
