User,Throughput
1,1.26293
2,1.36533
3,9.94987
4,100.83
5,1.53088
6,2.72384
7,10.2366
8,2.98667
9,1.52917
10,1.31413
