User,Delay
1,0.00466469
2,0.000437171
3,0.000432117
4,0.265555
5,0.0882077
6,0.000357937
