User,Delay,Throughput,EnergyConsumption,LostPackets,Jitter
1,0.000289729,10.2366,490.425,2,4.4573e-06
2,0.000298989,102.349,268.626,3,9.26022e-06
3,0.0440435,87.8421,1225.95,853,0.0437445
4,0.000373414,102.349,832.15,3,0.0436701
5,0.000276101,10.2366,59.8751,2,0.000275983
6,0.000285272,10.2366,142.377,2,9.17063e-06
