User,Delay
1,0.000271498
2,0.00028937
3,0.000435684
4,0.000320542
