User,Jitter
1,0.00027138
2,1.78718e-05
3,0.000146314
4,0.000115142
