User,Delay,Throughput,EnergyConsumption,LostPackets,Jitter
1,0.000291485,10.2366,1088.75,2,4.98125e-06
2,0.128991,58.624,981.116,2565,0.128699
3,0.0620387,81.4763,378.703,1226,0.0669518
4,0.18396,39.9019,719.578,3662,0.121922
5,0.000390975,10.2366,1079.83,2,0.000390857
6,0.000286504,10.2366,444.064,2,0.000104471
