User,Throughput
1,0.955733
2,1.28
3,81.5957
4,87.3131
5,1.08203
6,1.13835
7,10.2315
8,4.26325
9,0.896
10,6.99733
