User,Delay
1,0
2,0.301293
3,0
4,0
5,0.24176
6,0.000741181
7,0
8,0.000597999
9,0.283776
10,0.325212
11,0
12,0.000572208
13,0
14,0.34074
15,0.215375
16,0
17,0
18,0
19,0
20,0
