User,Jitter
1,0
2,0.301293
3,0.301293
4,0
5,0.24176
6,0.241019
7,0.000741181
8,0.000597999
9,0.283178
10,0.0414363
11,0.325212
12,0.000572208
13,0.000572208
14,0.34074
15,0.125365
16,0.215375
17,0
18,0
19,0
20,0
