User,Jitter
1,0.299514
2,0.303816
3,0.0443094
4,0.0287405
5,1.18e-07
6,0
7,0.253396
8,0.253396
9,0.346741
10,0.0472275
