User,Throughput
1,0
2,1.51893
3,0
4,0
5,2.11285
6,10.2246
7,0
8,10.2315
9,0.60416
10,0.438613
11,0
12,10.2332
13,0
14,0.05632
15,29.3547
16,0
17,0
18,0
19,0
20,0
