User,Throughput
1,0
2,0.6144
3,0.733867
4,0.273067
5,0
6,0
7,1.62475
8,0
9,0.274773
10,0.904533
