User,Jitter
1,0.0859814
2,0.0571873
3,0.380296
4,0.354111
5,0.000546589
6,0.236581
