User,Jitter
1,7.67221e-06
2,2.95768e-05
3,2.00275e-05
4,0.00857472
5,0.00815905
6,0.00780683
