User,Delay
1,0.000394357
2,0.291817
3,0.286299
4,0.291524
5,0.000385414
6,0.000389886
