User,Jitter
1,4.47144e-06
2,0.291422
3,0.00551809
4,0.00522551
5,0.000385296
6,4.47144e-06
