User,Throughput
1,10.2366
2,3.39627
3,4.7616
4,3.39627
5,10.2366
6,10.2366
