User,Delay
1,0.000361073
2,0.0486444
3,0.00051827
4,0.0614247
5,0.00034451
6,0.000349801
