User,Jitter
1,1.1272e-05
2,0.0482833
3,0.0481261
4,0.0609064
5,0.000344392
6,5.29033e-06
