User,Delay
1,0.178538
2,0.0307816
3,0
4,0
5,0.000464265
6,0.000468952
