User,Delay
1,0.133394
2,0.294482
3,0.0539674
4,0.296022
5,0.207272
6,0.000426348
