User,Jitter
1,0.132967
2,0.161088
3,0.240515
4,0.242054
5,0.207272
6,0.206846
