User,Throughput
1,3.74635
2,1.0992
3,42.1387
4,1.13333
5,2.18293
6,5.2332
