User,Jitter
1,8.69429e-06
2,0.058047
3,0.0580246
4,0.0610171
5,0.000271473
6,4.69771e-06
