User,Delay,Throughput,EnergyConsumption,LostPackets,Jitter
1,0.000284983,10.2366,732.546,2,8.69429e-06
2,0.058332,82.6197,420.873,1159,0.058047
3,0.00030739,102.349,594.514,3,0.0580246
4,0.0613245,81.6128,270.924,1218,0.0610171
5,0.000271591,10.2366,1165.79,2,0.000271473
6,0.000276289,10.2366,984.26,2,4.69771e-06
