User,Delay
1,0.19242
2,0.175658
3,0.294061
4,0.293534
5,0.314772
6,0.317677
7,0.284579
8,0.267448
9,0.000491699
10,0.302171
