User,Delay
1,0.299312
2,0.1147
3,0.297719
4,0.297732
5,0.139106
6,0.000644151
