User,Jitter
1,0.288631
2,0.00432378
3,0.00836564
4,0.292673
5,0.297072
6,0.296481
7,0.0953044
8,0.0953575
9,0.268653
10,0.268644
11,0.262605
12,0.0145335
13,0.0746844
14,8.928e-06
15,0.103801
16,0.0294991
17,0.012013
18,0.0525084
19,0.295798
20,0
