User,Jitter
1,0.109751
2,0.0167623
3,0.118403
4,0.000526794
5,0.314772
6,0.00290509
7,0.0330981
8,0.0171306
9,0.266956
10,0.301679
