User,Jitter
1,0.298668
2,0.184612
3,0.183019
4,1.30568e-05
5,0.139106
6,0.138462
