User,Delay
1,0.000355437
2,0.148398
3,0.200612
4,0.0879741
5,0.00032205
6,0.000318961
