User,Delay
1,0.000336746
2,0.210404
3,0.112037
4,0.000629629
5,0.000427612
6,0.000436123
