User,Jitter
1,3.64759e-05
2,0.148042
3,0.0522139
4,0.112638
5,0.000321932
6,3.089e-06
