User,Jitter
1,9.93771e-05
2,0.210067
3,0.098367
4,0.111408
5,0.000427494
6,8.51033e-06
