User,Delay,Throughput,EnergyConsumption,LostPackets,Jitter
1,0.000336746,10.2332,1065.66,4,9.93771e-05
2,0.210404,24.32,1350.3,4575,0.210067
3,0.112037,58.6069,1183.77,2566,0.098367
4,0.000629629,102.315,983.2,5,0.111408
5,0.000427612,10.2332,917.876,4,0.000427494
6,0.000436123,10.2332,266.913,4,8.51033e-06
