User,Delay
1,0.000293647
2,0.000302621
3,0.000311524
4,0.000430516
5,0.00027508
6,0.00032377
