User,Jitter
1,3.01235e-05
2,8.9749e-06
3,8.90269e-06
4,0.000118991
5,0.000274962
6,4.86896e-05
