User,Delay
1,0.294608
2,0.296652
3,0.000510831
4,0.282391
5,0.250282
6,0.000344303
7,0.249767
8,0.000353231
9,0.000357673
10,0.294999
