User,Jitter
1,0.000390817
2,0.00204428
3,0.296142
4,0.28188
5,0.250282
6,0.249938
7,0.249423
8,0.249414
9,4.44194e-06
10,0.294641
