User,Delay,Throughput,EnergyConsumption,LostPackets,Jitter
1,0.294608,2.048,1004.13,5880,0.000390817
2,0.296652,1.39947,1273.92,5918,0.00204428
3,0.000510831,102.281,1221.03,7,0.296142
4,0.282391,2.9184,359.176,5829,0.28188
5,0.250282,1.69131,960.631,5009,0.250282
6,0.000344303,10.2366,1309.75,2,0.249938
7,0.249767,1.69472,154.109,5007,0.249423
8,0.000353231,10.2366,131.84,2,0.249414
9,0.000357673,10.2315,243.858,5,4.44194e-06
10,0.294999,2.6112,1004.44,5847,0.294641
