User,Throughput
1,2.048
2,1.39947
3,102.281
4,2.9184
5,1.69131
6,10.2366
7,1.69472
8,10.2366
9,10.2315
10,2.6112
