User,Jitter
1,4.46549e-06
2,0.198267
3,0.19824
4,0.0594924
5,0.000271434
6,4.46549e-06
