User,Delay
1,0.000271498
2,0.000341113
3,0.238908
4,0.036053
