User,Jitter
1,0.00301225
2,0.25325
3,0.129859
4,0.144146
5,0.000464886
6,0.000103677
