User,Jitter
1,0.00027138
2,6.96149e-05
3,0.238567
4,0.202855
