User,Delay
1,0.000306494
2,0.000326998
3,0.205656
4,0.000320463
