User,Delay
1,0.000289403
2,0.163978
3,0.26109
4,0.000383344
5,0.000271552
6,0.000341246
