User,Jitter
1,0.000306376
2,2.05044e-05
3,0.205329
4,0.205335
