User,Jitter
1,5.18421e-05
2,0.163688
3,0.0971121
4,0.260706
5,0.000271434
6,6.96938e-05
