User,Delay
1,0.179946
2,0.238095
3,0.291408
4,0.219045
5,0.00034553
6,0.000353468
