User,Jitter
1,0.179593
2,0.0581484
3,0.0533131
4,0.0723629
5,0.000345412
6,7.93807e-06
