User,Throughput
1,4.10795
2,21.1968
3,3.41333
4,27.8357
5,10.2366
6,10.2366
