User,Delay
1,0.247168
2,0.296883
3,0.0729438
4,0.296187
5,0.000421547
6,0.215756
