User,Jitter
1,0.0314122
2,0.0497147
3,0.223939
4,0.223243
5,0.000421429
6,0.215334
