User,Throughput
1,2.05995
2,2.03093
3,77.8923
4,1.9456
5,10.2366
6,2.92523
