User,Delay
1,0.000331953
2,0.211899
3,0.000403816
4,0.287515
5,0.0950512
6,0.000327483
