User,Jitter
1,4.46977e-06
2,0.211567
3,0.211495
4,0.287111
5,0.0950511
6,0.0947237
