User,Throughput
1,10.2349
2,30.2592
3,102.349
4,4.47147
5,7.00928
6,10.2366
