User,Delay
1,0.000364898
2,0.0972954
3,0.057204
4,0.250802
