User,Delay
1,0.000284983
2,0.058332
3,0.00030739
4,0.0613245
5,0.000271591
6,0.000276289
