User,Jitter
1,0.00036478
2,0.0969305
3,0.0400914
4,0.193598
