User,Delay
1,0.000311952
2,0.000626769
3,0.000381888
4,0.181535
5,0.00030396
6,0.000306841
