User,Delay
1,0.000271498
2,0.000280428
3,0.000357644
4,0.000320552
