User,Jitter
1,0.00027138
2,8.93023e-06
3,7.72157e-05
4,3.70924e-05
