User,Delay
1,0
2,0
3,0
4,0.318765
5,0
6,0.387104
