User,Jitter
1,0.387104
2,0
3,0
4,0.318765
5,1.18e-07
6,0.387104
