User,Delay
1,0.00039339
2,0.000277885
3,0.000286928
