User,Delay
1,0.000329042
2,0.000358185
3,0.000311388
4,0.000320389
5,0.000271547
6,0.000280486
