User,Delay
1,0.000330787
2,0.000281723
3,0.000760446
4,0.000327263
