User,Jitter
1,4.8556e-05
2,2.91437e-05
3,4.67976e-05
4,9.00095e-06
5,0.000271429
6,8.93842e-06
