User,Jitter
1,0.000330669
2,4.9064e-05
3,0.000478723
4,0.000433184
