User,Delay,Throughput,EnergyConsumption,LostPackets,Jitter
1,0.000329042,10.2349,70.9994,3,4.8556e-05
2,0.000358185,102.349,854.961,3,2.91437e-05
3,0.000311388,102.349,985.574,3,4.67976e-05
4,0.000320389,102.349,617.782,3,9.00095e-06
5,0.000271547,10.2366,607.973,2,0.000271429
6,0.000280486,10.2366,137.064,2,8.93842e-06
