User,Jitter
1,0.131879
2,0.137731
3,0.0206736
4,0.0388172
5,0.273601
6,0.273213
7,0.272631
8,0.272622
9,0.272566
10,0.00245815
