User,Delay
1,0.000515088
2,0.304577
3,0.305621
4,0.338499
5,0.000499428
6,0.307412
