User,Jitter
1,0.306897
2,0.304062
3,0.00104375
4,0.0328781
5,0.00049931
6,0.306913
