User,Throughput
1,10.2332
2,2.11627
3,1.5872
4,1.536
5,10.2332
6,1.34144
