User,Delay
1,0.000272769
2,0.000292453
3,0.0644224
4,0.000322
