User,Jitter
1,0.00015335
2,0.000134207
3,0.240962
4,0.240943
5,0.000276493
6,1.30097e-05
