User,Jitter
1,0.000272651
2,1.96832e-05
3,0.0641299
4,0.0641004
