User,Jitter
1,0.138552
2,0.220236
3,0.00209345
4,0.292387
5,0.205726
6,0.00333845
