User,Delay
1,0.240384
2,0
3,0.136202
4,0.139084
5,0
6,0
7,0.353609
8,0
9,0.282656
10,0
