User,Throughput
1,20.2069
2,0
3,56.2347
4,55.1083
5,0
6,0
7,0.344747
8,0
9,0.610987
10,0
