User,Delay
1,0.00102227
2,0.201844
3,0.000365546
4,0.280232
5,0.000348026
6,0.0003715
