User,Delay
1,0.250007
2,0.256511
3,0.295622
4,0.296171
5,0.25171
6,0.228607
