User,Jitter
1,0.0214004
2,0.00650374
3,0.0391109
4,0.000549367
5,0.25171
6,0.0231028
