User,Throughput
1,1.72032
2,15.0869
3,1.75787
4,1.75787
5,1.66059
6,2.44565
