User,Jitter
1,8.80747e-05
2,0.259296
3,0.137112
4,0.0597503
5,0.000279713
6,9.97544e-05
