User,Throughput
1,1.65547
2,1.4336
3,0
4,1.04107
5,2.176
6,10.2349
