User,Delay
1,0.0174195
2,0.20294
3,0.00040039
4,0.138768
5,0.00228291
6,0.129513
