User,Delay,Throughput,EnergyConsumption,LostPackets,Jitter
1,0.0174195,9.78773,1175.86,265,0.112094
2,0.20294,33.5189,743.873,4036,0.185521
3,0.00040039,102.332,747.52,4,0.20254
4,0.138768,54.9205,88.6899,2782,0.138367
5,0.00228291,10.2246,841.254,9,0.00228279
6,0.129513,5.86581,208.222,2563,0.12723
