User,Throughput
1,9.78773
2,33.5189
3,102.332
4,54.9205
5,10.2246
6,5.86581
