User,Delay
1,0.000292433
2,0.222777
3,0.00284892
4,0.00033813
5,0.000283911
6,0.000287968
