User,Jitter
1,4.46549e-06
2,0.222484
3,0.219928
4,0.00251079
5,0.000283793
6,4.05612e-06
