User,Delay,Throughput,EnergyConsumption,LostPackets,Jitter
1,0.000292433,10.2366,671.896,2,4.46549e-06
2,0.222777,23.6373,665.36,4615,0.222484
3,0.00284892,95.6928,1770.57,393,0.219928
4,0.00033813,102.349,874.821,3,0.00251079
5,0.000283911,10.2366,1592.88,2,0.000283793
6,0.000287968,10.2366,1212.86,2,4.05612e-06
