User,Delay
1,0.323109
2,0.380296
3,0
4,0.354111
5,0.000546707
6,0.237127
