User,Throughput
1,2.67947
2,0.170667
3,0
4,0
5,0.124587
6,1.10421
7,4.36907
8,9.09483
9,10.2332
10,1.46091
11,0
12,1.3568
13,4.36907
14,0.91648
15,1.3824
16,0.938667
17,38.7925
18,0
19,0
20,0
