User,Delay
1,0
2,0.123489
3,0.296
4,0
5,0.189251
6,0.256902
