User,Jitter
1,0.256902
2,0.123489
3,0.172511
4,0.296
5,0.189251
6,0.0676508
