User,Throughput
1,0
2,60.3477
3,1.50187
4,0
5,3.79733
6,1.47456
