User,Delay
1,0.000734845
2,0.269974
3,0.290259
4,0.294067
5,0.23204
6,0.197666
