User,Jitter
1,0.196931
2,0.269239
3,0.0202847
4,0.00380771
5,0.23204
6,0.0343739
