User,Throughput
1,10.2246
2,10.6325
3,3.60107
4,2.56
5,2.37056
6,3.52256
