User,Delay
1,0.000276104
2,0.000280573
3,0.000298736
4,0.000325358
