User,Delay
1,0.000291678
2,0.000355621
3,0.259777
4,0.259414
5,0.000300679
6,0.000282286
