User,Jitter
1,0.000275986
2,4.46847e-06
3,1.81636e-05
4,2.66214e-05
