User,Delay,Throughput,EnergyConsumption,LostPackets,Jitter
1,0.000291678,10.2349,1552.73,3,9.39253e-06
2,0.000355621,102.349,419.029,3,6.39428e-05
3,0.259777,14.3531,44.5848,5159,0.259421
4,0.259414,14.4896,1567.71,5151,0.00036279
5,0.000300679,10.2298,955.324,6,0.000300561
6,0.000282286,10.2349,902.362,3,1.8393e-05
