User,Delay,Throughput,EnergyConsumption,LostPackets
0,0.0719751,0.518879,9.8625,3
1,0.137284,0.0205864,24.8625,2
2,0.284236,0.0102648,49.8625,2
