User,Jitter
1,0.00430675
2,0.00422752
3,5.05363e-06
4,0.265122
5,0.0882076
6,0.0878498
