User,Delay
1,0.000280478
2,0.242608
3,0.000307503
4,0.198878
5,0.000271547
6,0.000276013
