User,Delay
1,0.000280478
2,0.000294004
3,0.000302877
4,0.125455
5,0.000271547
6,0.000276013
