User,Jitter
1,4.46549e-06
2,1.35254e-05
3,8.87291e-06
4,0.125152
5,0.000271429
6,4.46549e-06
