User,Jitter
1,4.46549e-06
2,0.242328
3,0.242301
4,0.198571
5,0.000271429
6,4.46549e-06
