User,Delay,Throughput,EnergyConsumption,LostPackets,Jitter
1,0.000280478,10.2366,425.043,2,4.46549e-06
2,0.000294004,102.349,373.781,3,1.35254e-05
3,0.000302877,102.349,564.547,3,8.87291e-06
4,0.125455,59.7333,1191.86,2500,0.125152
5,0.000271547,10.2366,172.647,2,0.000271429
6,0.000276013,10.2366,823.536,2,4.46549e-06
