User,Delay
1,0
2,0
3,0.241729
4,0.210336
5,0
6,0.00045343
7,0
8,0
9,0
10,0.208367
