User,Jitter
1,0.208367
2,0
3,0.241729
4,0.0313934
5,1.18e-07
6,0.00045343
7,0.00045343
8,0
9,0
10,0.208367
