User,Delay
1,0.258115
2,0.202209
3,0.170757
4,0.298729
5,0
6,0.272879
7,0.359416
8,0.000429596
9,0.338116
10,0.208808
