User,Jitter
1,0.0493075
2,0.0559067
3,0.0314511
4,0.127971
5,1.18e-07
6,0.272879
7,0.0865366
8,0.358986
9,0.337686
10,0.129308
