User,Delay
1,0.00029101
2,0.000300049
3,0.0836893
4,0.161916
5,0.000276032
6,0.000324927
