User,Jitter
1,3.39169e-05
2,9.03966e-06
3,0.0833893
4,0.0782263
5,0.000275914
6,4.88946e-05
