User,Jitter
1,0
2,0
3,0
4,0
5,1.18e-07
6,0
7,0
8,0
9,0
10,0
11,0
12,0
13,0.347626
14,0.0645742
15,0.283051
16,0.301628
17,0.0381371
18,0.263491
19,0
20,0
