User,Jitter
1,0.220445
2,0
3,0.190862
4,0.190862
5,1.18e-07
6,0
7,0.362435
8,0.0890779
9,0.272877
10,0.219965
