User,Jitter
1,0.00508889
2,0.165583
3,8.67562e-06
4,8.67562e-06
5,0.159762
6,0.0113611
