User,Jitter
1,0.300046
2,0.018061
3,0.318107
4,0
5,0.306788
6,0.000328477
7,0.0286475
8,0.00019295
9,0.277152
10,6.10155e-07
11,0.210059
12,0.0652185
13,0.00238464
14,0.00384065
15,0.0159394
16,0.0271541
17,0.0735063
18,0.189568
19,0
20,0
