User,Jitter
1,0.112094
2,0.185521
3,0.20254
4,0.138367
5,0.00228279
6,0.12723
