User,Delay
1,0.000311698
2,0.000291833
3,0.000300886
4,0.11525
5,0.000273788
6,0.000278243
