User,Jitter
1,3.34555e-05
2,1.9865e-05
3,9.05305e-06
4,0.114949
5,0.00027367
6,4.45507e-06
