User,Delay,Throughput,EnergyConsumption,LostPackets,Jitter
1,0.000311698,10.2366,629.062,2,3.34555e-05
2,0.000291833,102.349,496.006,3,1.9865e-05
3,0.000300886,102.349,287.131,3,9.05305e-06
4,0.11525,63.0443,18.0174,2306,0.114949
5,0.000273788,10.2366,549.946,2,0.00027367
6,0.000278243,10.2366,822.93,2,4.45507e-06
