User,Throughput
1,2.21867
2,61.9179
3,16.4864
4,3.24267
5,1.60085
6,10.2349
7,1.19125
8,10.2349
9,10.2349
10,1.9456
