User,Delay
1,0.286202
2,0
3,0
4,0
5,0
6,0
7,0.000544051
8,0
9,0.000638445
10,0
