User,Jitter
1,0
2,0
3,0
4,0
5,1.18e-07
6,0
7,0
8,0
9,0.314764
10,0.314764
11,0
12,0
13,0
14,0
15,0
16,0
17,0.250006
18,0.250006
19,0
20,0
