User,Delay
1,0.000280302
2,0.000336681
3,0.000314009
4,0.0438882
