User,Delay
1,0.000379735
2,0.209777
3,0.249423
4,0.222443
5,0.000339802
6,0.000284491
