User,Jitter
1,9.52437e-05
2,0.209397
3,0.0396461
4,0.0269798
5,0.000339684
6,5.5311e-05
