User,Delay,Throughput,EnergyConsumption,LostPackets,Jitter
1,0.000379735,10.2332,1244.84,4,9.52437e-05
2,0.209777,30.976,869.433,4185,0.209397
3,0.249423,17.4251,1114.47,4979,0.0396461
4,0.222443,26.6411,914.349,4439,0.0269798
5,0.000339802,10.2349,956.834,3,0.000339684
6,0.000284491,10.2366,840.465,2,5.5311e-05
