User,Delay
1,0.000520415
2,0.296565
3,0.360296
4,0
5,0.311521
6,0.102421
