User,Jitter
1,0.1019
2,0.296045
3,0.0637311
4,0.360296
5,0.31152
6,0.2091
