User,Throughput
1,10.2349
2,1.536
3,0.938667
4,0
5,0.00512
6,0.00170667
