User,Jitter
1,0.000351186
2,0.160561
3,0.247233
4,0.00526777
5,0.217038
6,0.00320583
