User,Delay
1,0.000471996
2,0.22902
3,0.294608
4,0.110635
5,0.000454797
6,0.124696
