User,Jitter
1,0.124224
2,0.228548
3,0.0655882
4,0.183973
5,0.000454679
6,0.124241
