User,Throughput
1,5.2281
2,12.5248
3,0.60427
4,32.2389
5,5.2281
6,3.07403
