User,Delay
1,0.00048694
2,0.115624
3,0
4,0.115642
5,0.226765
6,0.321792
