User,Delay
1,0.0598394
2,0.292282
3,0.296473
4,0.296689
5,0.220955
6,0.24358
