User,Jitter
1,0.017408
2,0.017408
3,0
4,0
5,1.18e-07
6,0.285897
7,0.0297136
8,0.315611
9,0
10,0
11,0
12,0
13,0
14,0
15,0.2503
16,0.2503
17,0.278904
18,0.278904
19,0
20,0
