User,Delay,Throughput,EnergyConsumption,LostPackets,Jitter
1,0.258115,15.2235,1019.03,5108,0.0493075
2,0.202209,34.6795,363.121,3968,0.0559067
3,0.170757,44.6635,247.438,3383,0.0314511
4,0.298729,1.5872,1146.73,5907,0.127971
5,0,0,1102.8,6000,1.18e-07
6,0.272879,0.960853,564.953,5437,0.272879
7,0.359416,0.11264,303.163,5934,0.0865366
8,0.000429596,10.2315,823.661,5,0.358986
9,0.338116,0.41472,332.372,5757,0.337686
10,0.208808,31.5563,301.157,4151,0.129308
