User,Throughput
1,15.2235
2,34.6795
3,44.6635
4,1.5872
5,0
6,0.960853
7,0.11264
8,10.2315
9,0.41472
10,31.5563
