User,Throughput
1,0.0170667
2,0
3,0
4,0
5,0
6,0.47104
7,0.44032
8,0
9,0
10,0
11,0
12,0
13,0
14,0
15,17.2715
16,0
17,7.61173
18,0
19,0
20,0
