User,Delay
1,0.213481
2,0.0529204
3,0.300153
4,0.294885
5,0.217038
6,0.213833
