User,Jitter
1,0.240384
2,0.240384
3,0.136202
4,0.00288181
5,1.18e-07
6,0
7,0.353609
8,0.353609
9,0.282656
10,0.282656
