User,Throughput
1,0.682667
2,0.750933
3,2.08213
4,1.57013
5,4.64384
6,0.35148
7,10.2349
8,0.643413
9,0.315733
10,0.9728
