User,Jitter
1,7.43892e-06
2,6.1337e-06
3,0.0668772
4,0.0495461
5,0.000294726
6,1.69849e-05
