User,Delay
1,0.215697
2,0.293399
3,0.279284
4,0.23122
5,0.000491992
6,0.000465153
