User,Jitter
1,0.215232
2,0.0777013
3,0.014115
4,0.0480634
5,0.000491874
6,2.68389e-05
