User,Throughput
1,2.88085
2,2.79893
3,7.13387
4,23.5861
5,10.2263
6,10.2281
