User,Jitter
1,0.286202
2,0.286202
3,0
4,0
5,1.18e-07
6,0
7,0.000544051
8,0.000544051
9,0.000638445
10,0.000638445
