User,Delay
1,0.000271498
2,0.000275967
3,0.000289495
4,0.000298407
