User,Jitter
1,0.00027138
2,4.46847e-06
3,1.35284e-05
4,8.91237e-06
