User,Jitter
1,7.38379e-05
2,0.000200095
3,0.000177984
4,8.74042e-06
5,0.000341714
6,4.43714e-05
