User,Delay,Throughput,EnergyConsumption,LostPackets,Jitter
1,0.000312366,10.2349,1018.69,3,7.38379e-05
2,0.00051246,102.315,298.83,5,0.000200095
3,0.000334477,102.349,1685.38,3,0.000177984
4,0.000343217,102.349,29.1609,3,8.74042e-06
5,0.000341832,10.2349,683.478,3,0.000341714
6,0.000386204,10.2349,32.5872,3,4.43714e-05
