User,Delay
1,0.15698
2,0.0729657
3,0.0729746
4,0.295954
5,0.247986
6,0.24559
