User,Jitter
1,0.0886103
2,0.0840145
3,8.928e-06
4,0.222979
5,0.247986
6,0.00239592
