User,Throughput
1,4.91861
2,77.9605
3,77.9605
4,1.9456
5,1.83808
6,1.90635
