User,Delay
1,0.000291485
2,0.128991
3,0.0620387
4,0.18396
5,0.000390975
6,0.000286504
