User,Jitter
1,4.98125e-06
2,0.128699
3,0.0669518
4,0.121922
5,0.000390857
6,0.000104471
