User,Jitter
1,0.126958
2,0.110879
3,0.0154452
4,0.00514902
5,0.257731
6,0.00268053
7,0.00245041
8,0.00581497
9,0.019261
10,0.0482002
