User,Jitter
1,0.00027138
2,4.46847e-06
3,9.04039e-06
4,0.0600363
