User,Delay,Throughput,EnergyConsumption,LostPackets,Jitter
1,0.000293647,10.2349,307.808,3,3.01235e-05
2,0.000302621,102.349,334.186,3,8.9749e-06
3,0.000311524,102.349,599.063,3,8.90269e-06
4,0.000430516,102.349,165.007,3,0.000118991
5,0.00027508,10.2366,1102.46,2,0.000274962
6,0.00032377,10.2349,530.865,3,4.86896e-05
