User,Delay
1,0.183127
2,0.294428
3,0.297869
4,0.297881
5,0.256632
6,0.235578
