User,Jitter
1,0.0524503
2,0.111301
3,0.00344083
4,1.20488e-05
5,0.256632
6,0.0210543
