User,Throughput
1,3.99189
2,2.2528
3,1.5872
4,1.5872
5,1.47797
6,2.2016
