User,Delay
1,0.000345375
2,0.000995792
3,0.267956
4,0.000401127
