User,Delay
1,0.000291511
2,0.259587
3,0.122475
4,0.182226
5,0.000279831
6,0.000379586
