User,Jitter
1,0.000345257
2,0.000650417
3,0.26696
4,0.267554
