User,Delay,Throughput,EnergyConsumption,LostPackets,Jitter
1,0.000291511,10.2366,831.5,2,8.80747e-05
2,0.259587,14.2677,1112.48,5164,0.259296
3,0.122475,61.0816,190.68,2421,0.137112
4,0.182226,40.6699,1402.4,3617,0.0597503
5,0.000279831,10.2366,747.876,2,0.000279713
6,0.000379586,10.2366,1038.06,2,9.97544e-05
