User,Delay
1,0.000542246
2,0
3,0.156493
4,0
5,0
6,0
