User,Jitter
1,0.000542246
2,0.000542246
3,0.156493
4,0.156493
5,1.18e-07
6,0
