User,Delay
1,0.000390699
2,0.181107
3,0.00864332
4,0.204697
5,0.000280383
6,0.000289807
