User,Jitter
1,0.000100893
2,0.180716
3,0.172464
4,0.196054
5,0.000280265
6,9.42375e-06
