User,Delay
1,0.0705131
2,0.290749
3,0.292842
4,0.000454946
5,0.205726
6,0.209065
