User,Throughput
1,7.84555
2,4.64213
3,3.15733
4,102.349
5,3.19659
6,3.10272
