User,Jitter
1,0.151541
2,0.176417
3,0.111404
4,0.277076
5,0.241628
6,0.241247
7,0.269905
8,0.0168252
9,0.00145974
10,0.10491
