User,Jitter
1,0.199716
2,0.148077
3,0.347793
4,0.307391
5,0.254277
6,0.0279541
7,0.00240464
8,0.27935
9,0.277432
10,0.0414736
11,0.0195237
12,0.0490948
13,0.250263
14,0.201154
15,0.0896836
16,0.0916411
17,0.100876
18,0.300574
19,0
20,0
