User,Delay
1,0.243461
2,0.127587
3,0.296055
4,0.295995
5,0.237837
6,0.00047933
