User,Jitter
1,0.242981
2,0.115874
3,0.168468
4,6.01775e-05
5,0.237836
6,0.237357
