User,Throughput
1,1.91488
2,58.8117
3,1.80907
4,1.82613
5,2.69312
6,10.2349
