User,Delay
1,0
2,0.115762
3,0
4,0
5,0.000419225
6,0
