User,Jitter
1,0.00027138
2,4.46995e-06
3,9.04188e-06
4,1.79008e-05
