User,Jitter
1,4.44911e-06
2,0.243095
3,0.243063
4,0.0946267
5,0.000271444
6,8.93321e-06
