User,Delay
1,0.000285405
2,0.256302
3,0.221444
4,0.256991
5,0.000276204
6,0.000342158
