User,Jitter
1,5.67534e-05
2,0.256016
3,0.0348577
4,0.0355467
5,0.000276086
6,6.59538e-05
