User,Throughput
1,36.7957
2,42.0011
3,2.47467
4,2.18453
5,0.826027
6,0.73216
7,0.78336
8,1.12128
9,10.2349
10,0.8704
