User,Delay
1,0.000323319
2,0.167445
3,0.000309057
4,0.00038335
5,0.00027156
6,0.000276015
