User,Jitter
1,4.73044e-05
2,0.167122
3,0.167136
4,7.42931e-05
5,0.000271442
6,4.45507e-06
