User,Delay
1,0.000351427
2,0.0642956
3,0.000408473
4,0.0836585
5,0.000349701
6,0.0710621
