User,Delay
0,0.071973
0,0.0720168
0,0.0719751
0,0.072008
0,0.0720081
