User,Delay
2,0.071973
2,0.137284
2,0.284236
2,0.0720168
2,0.137284
2,0.284277
