User,Delay
1,0.249751
2,0.0951682
3,0.0951771
4,0.279776
5,0.252824
6,0.249995
