User,Jitter
1,0.000244656
2,0.154582
3,8.928e-06
4,0.184599
5,0.252824
6,0.00282873
