User,Throughput
1,1.71179
2,69.9392
3,69.9392
4,1.65547
5,1.51893
6,1.71008
