User,Delay
1,0.0035659
2,0.297697
3,0.332549
4,0.298226
5,0.00055323
6,0.0248653
