User,Jitter
1,0
2,0.297697
3,0.0348526
4,0.034323
5,0.000553112
6,0.00055323
