User,Throughput
1,0
2,1.51893
3,0.648533
4,1.51893
5,10.2332
6,0
