User,Delay
1,0
2,0
3,0
4,0
5,0.302154
6,0.285432
7,0
8,0
9,0.000583383
10,0
11,0.286535
12,0
13,0
14,0.000555292
15,0
16,0
17,0.225583
18,0
19,0
20,0
