User,Throughput
1,0
2,0
3,0
4,0
5,0.462507
6,0.472747
7,0
8,0
9,10.2298
10,0
11,0.452267
12,0
13,0
14,10.2366
15,0
16,0
17,26.3509
18,0
19,0
20,0
