User,Delay
1,0.171046
2,0
3,0.355834
4,0.467929
5,0.322147
6,0.266807
