User,Jitter
1,0.095761
2,0.171046
3,0.355834
4,0.112095
5,0.322146
6,0.0553399
