User,Throughput
1,0.00170667
2,0
3,1.16053
4,0.1536
5,0.761173
6,1.44555
