User,Delay
1,0.000396918
2,0.290818
3,0.00900488
4,0.270356
5,0.00043516
6,0.212778
