User,Jitter
1,0.212382
2,0.290421
3,0.281813
4,0.261352
5,0.000435042
6,0.212343
