User,Jitter
1,0.19508
2,0.111862
3,0.306942
4,0.297152
5,0.279528
6,0.00464532
7,0.283713
8,0.238168
9,0.238159
10,0.196614
11,0.108264
12,0.0259477
13,0.0823522
14,0.196617
15,0.266466
16,0.0364545
17,0.0192051
18,0.322556
19,0
20,0
