User,Delay
1,0
2,0
3,0
4,0.386385
5,0.314082
6,0.000625596
7,0.336497
8,0
9,0.000560548
10,0.282656
11,0.321381
12,0.00053934
13,0.282807
14,0.373045
15,0.213049
16,0.21304
17,0
18,0
19,0
20,0
