User,Jitter
1,0.22669
2,0.22669
3,0
4,0
5,1.18e-07
6,0.000469137
7,0.000469137
8,0
9,0.000459662
10,0.000459662
