User,Jitter
1,0
2,0
3,0
4,0.386385
5,0.314082
6,0.313456
7,0.335872
8,0.336497
9,0.000560548
10,0.282095
11,0.0387252
12,0.320841
13,0.282268
14,0.0902386
15,0.159996
16,8.928e-06
17,0.21304
18,0
19,0
20,0
