User,Delay,Throughput,EnergyConsumption,LostPackets,Jitter
1,0.22669,24.8832,1327.67,4542,0.22669
2,0,0,840.574,6000,0.22669
3,0,0,851.147,6000,0
4,0,0,654.666,6000,0
5,0,0,1271.21,6000,1.18e-07
6,0.000469137,10.2366,1495.32,2,0.000469137
7,0,0,594.398,6000,0.000469137
8,0,0,1025.37,6000,0
9,0.000459662,10.2349,222.209,3,0.000459662
10,0,0,603.999,6000,0.000459662
