User,Throughput
1,0
2,0
3,0
4,0.0512
5,0.365227
6,10.2281
7,0.36864
8,0
9,10.2281
10,0.622933
11,0.09216
12,10.2281
13,0.617813
14,0.0221467
15,29.9691
16,29.9691
17,0
18,0
19,0
20,0
