User,Jitter
1,0
2,0.115762
3,0.115762
4,0
5,0.000419107
6,0.000419225
