User,Delay
1,0.000333491
2,0.000355132
3,0.242473
4,0.101095
5,0.000321638
6,0.000330709
