User,Jitter
1,2.78256e-06
2,2.16403e-05
3,0.242118
4,0.141378
5,0.00032152
6,9.07034e-06
