User,Jitter
1,0.000520242
2,0
3,0
4,0
5,1.18e-07
6,0.000520242
