User,Delay
1,0.31822
2,0
3,0.114955
4,0.308248
5,0
6,0.18345
