User,Jitter
1,0.13477
2,0.31822
3,0.114955
4,0.193293
5,1.18e-07
6,0.18345
