User,Throughput
1,1.00864
2,0
3,63.4197
4,1.57013
5,0
6,3.99701
