User,Delay
1,0.138626
2,0.276357
3,0.29703
4,0.258213
5,0.273602
6,0.000388074
7,0.273019
8,0.000397002
9,0.272963
10,0.270505
