User,Jitter
1,0.144957
2,0.291348
3,0
4,0.360611
5,1.18e-07
6,0.000559853
7,0.288877
8,0.000189841
9,0.0177414
10,0.000284556
11,0.0268007
12,0.027107
13,0.271005
14,0.27954
15,0.0111249
16,0.0301874
17,0.0218876
18,0.299443
19,0
20,0.436304
