NodeType,NodeId,X,Y,Z,DistanceFromBSS
gNB,0,0,0,0,0
UE,1,140.112,77.6459,1.5,160.195
UE,2,68.8637,142.39,1.5,158.175
UE,3,8.15302,1.06545,1.5,8.35804
UE,4,30.1853,63.5017,1.5,70.3268
UE,5,92.2158,141.347,1.5,168.775
UE,6,70.8947,42.0325,1.5,82.432
UE,7,51.823,50.5224,1.5,72.3905
UE,8,37.6871,129.682,1.5,135.056
UE,9,119.665,73.7856,1.5,140.592
UE,10,38.3359,66.9906,1.5,77.1987
