User,Throughput
1,55.6715
2,8.66987
3,2.28693
4,15.2235
5,1.00011
6,10.2332
7,1.00011
8,10.2332
9,1.00864
10,1.26293
