User,Delay
1,0.318376
2,0
3,0
4,0.378609
5,0.000427316
6,0.000424363
