User,Jitter
1,0.317952
2,0.318376
3,0
4,0.378609
5,0.000427198
6,2.95308e-06
