User,Throughput
1,0.0341333
2,0
3,0
4,0.904533
5,10.2332
6,10.2332
