User,Delay
1,0.301551
2,0.125134
3,0.0137303
4,0.290806
5,0.241628
6,0.000380555
7,0.270286
8,0.25346
9,0.25492
10,0.15001
