User,Throughput
1,5.29067
2,59.8699
3,98.2528
4,2.57707
5,1.85173
6,10.2366
7,1.08544
8,1.50528
9,1.57013
10,51.5755
