User,Delay
1,0.242746
2,0.065966
3,0
4,0.27844
5,0.000638176
6,0.000642457
