User,Jitter
1,0.053991
2,0.00283098
3,0.000930385
4,0.00358838
5,0.268136
6,0.26769
7,0.260775
8,0.00758809
9,0.253174
10,0.239524
