User,Jitter
1,0.299548
2,0.299548
3,0
4,0
5,1.18e-07
6,0.271852
7,0.00475814
8,0.000715432
9,0.276889
10,0.265412
11,0.0539858
12,0.31203
13,8.928e-06
14,0.00739785
15,0.251012
16,0.0970133
17,0.141048
18,0.207375
19,0
20,0
