User,Delay,Throughput,EnergyConsumption,LostPackets,Jitter
1,0.293975,3.1744,626.808,5814,0.053991
2,0.291144,3.2256,85.613,5811,0.00283098
3,0.292074,2.8672,92.2905,5832,0.000930385
4,0.295663,2.1504,799.839,5874,0.00358838
5,0.268136,1.28853,1338.57,5245,0.268136
6,0.000446155,10.2349,709.42,3,0.26769
7,0.261222,1.36533,645.037,5200,0.260775
8,0.253633,1.57184,596.115,5079,0.00758809
9,0.000459547,10.2349,66.2087,3,0.253174
10,0.239984,20.7701,913.337,4783,0.239524
