User,Throughput
1,3.1744
2,3.2256
3,2.8672
4,2.1504
5,1.28853
6,10.2349
7,1.36533
8,1.57184
9,10.2349
10,20.7701
