User,Delay
1,0.000501271
2,0.247694
3,0.00040288
4,0.109919
5,0.000595727
6,0.000348423
