User,Jitter
1,0.000152849
2,0.247193
3,0.247291
4,0.109516
5,0.000595609
6,0.000247305
