User,Delay
1,0.185535
2,0.000449946
3,0.000541388
4,0.29175
5,0.000371886
6,0.00037634
