User,Jitter
1,0.185159
2,0.185085
3,9.14421e-05
4,0.291208
5,0.000371768
6,4.45357e-06
