User,Throughput
1,3.92704
2,102.315
3,102.298
4,3.03787
5,10.2315
6,10.2315
