User,Delay
1,0.160256
2,0.285754
3,0.236104
4,0.285416
5,0.000348197
6,0.000352662
