User,Jitter
1,0.159904
2,0.125498
3,0.0496495
4,0.0493119
5,0.000348079
6,4.46474e-06
