User,Throughput
1,4.79573
2,4.88107
3,21.5552
4,4.9664
5,10.2366
6,10.2366
