User,Delay
1,0.000561152
2,0.294731
3,0
4,0.0684236
5,0.000500059
6,0.000496122
