User,Jitter
1,0.200345
2,0.0721851
3,0.27253
4,0
5,0.296372
6,0.0444529
7,0.0385298
8,0.0137964
9,0.00823955
10,0.284378
11,0.000514884
12,0.26949
13,0.00855996
14,0.00657597
15,0.0292951
16,0.100443
17,0.101271
18,0.301597
19,0
20,0
