User,Throughput
1,65.3141
2,1.46773
3,102.349
4,3.15733
5,10.2349
6,10.2349
7,10.2349
8,1.37216
9,1.94389
10,9.89867
