User,Delay
1,0.303817
2,0.317835
3,0.29719
4,0.296464
5,0.164442
6,0.331415
7,0.000536225
8,0.290326
9,0.35036
10,0.298365
