User,Jitter
1,0.00545219
2,0.0140184
3,0.0206454
4,0.000725613
5,0.164442
6,0.166972
7,0.330878
8,0.28979
9,0.0600336
10,0.0519953
