NodeType,NodeId,X,Y,Z,DistanceFromBSS
gNB,0,0,0,0,0
UE,1,58.4648,8.04273,1.5,59.0345
UE,2,75.6964,88.3628,1.5,116.362
UE,3,146.413,41.1161,1.5,152.084
UE,4,57.9858,141.912,1.5,153.309
UE,5,96.3857,6.68787,1.5,96.6291
UE,6,139.833,149.754,1.5,204.894
UE,7,122.816,147.873,1.5,192.23
UE,8,43.6102,127.07,1.5,134.354
UE,9,116.836,129.699,1.5,174.57
UE,10,131.749,74.1783,1.5,151.203
