User,Jitter
1,0.242104
2,0.17678
3,0.065966
4,0.27844
5,0.000638058
6,4.28046e-06
