User,Throughput
1,1.90293
2,80.128
3,0
4,7.69707
5,10.2246
6,10.2246
