User,Delay
0,0.00036506
1,0.000276087
2,0.00028502
