User,Delay
0,1.995e-07
1,1.33e-07
2,1.18e-07
3,1.18e-07
4,0.000276073
5,0.00035588
