User,Delay,Throughput,EnergyConsumption,LostPackets
0,0.00036506,102.349,0.05,3,1
1,0.000276087,10.2366,0.05,2,0
2,0.00028502,10.2366,0.05,2,0
