User,Throughput
0,0.00437333
1,0.00437333
2,0.00389333
3,0.00389333
4,10.2366
5,102.349
