User,Delay
1,0
2,0
3,0.23668
4,0
5,0.000409804
6,0.20382
