User,Jitter
1,0.20382
2,0
3,0.23668
4,0.23668
5,0.000409686
6,0.20341
