User,Delay
1,0.000272468
2,0.000320862
3,0.176906
4,0.25234
