User,Jitter
1,0.000650772
2,0.200822
3,0.201479
4,0.279867
5,0.000347908
6,2.34741e-05
