User,Jitter
1,0.00027235
2,4.83936e-05
3,0.176586
4,0.0754334
