User,Delay,Throughput,EnergyConsumption,LostPackets,Jitter
1,0.00102227,10.2298,1365.37,6,0.000650772
2,0.201844,34.8331,824.973,3959,0.200822
3,0.000365546,102.315,617.76,5,0.201479
4,0.280232,8.07253,807.561,5527,0.279867
5,0.000348026,10.2349,1401.89,3,0.000347908
6,0.0003715,10.2366,1616.69,2,2.34741e-05
