User,Delay
1,0.25208
2,0.171159
3,0
4,0.306909
5,0.000622978
6,0.255931
