User,Jitter
1,0.00385068
2,0.0809216
3,0.171159
4,0.306909
5,0.00062286
6,0.255308
