User,Throughput
1,1.71008
2,44.544
3,0
4,1.55307
5,10.2332
6,2.1504
