User,Delay
1,0.207323
2,0.000482095
3,0.262808
4,0.276138
5,0.209401
6,0.215329
