User,Jitter
1,0.00800537
2,0.206841
3,0.262326
4,0.0133292
5,0.209401
6,0.00592734
