User,Throughput
1,3.23072
2,102.298
3,12.0491
4,7.45813
5,3.0976
6,2.82795
