User,Jitter
1,0.250538
2,0.0781526
3,0.329236
4,0.319286
5,0.286222
6,0.285677
