User,Delay
1,0.288351
2,0.330737
3,0.279028
4,0.297523
5,0.251918
6,0.171914
