User,Jitter
1,0.116437
2,0.0423862
3,0.0517086
4,0.018495
5,0.251918
6,0.0800043
