User,Throughput
1,1.41653
2,0.904533
3,7.2704
4,1.7408
5,1.62645
6,4.37077
