User,Delay
1,0.319695
2,0.251201
3,0.297504
4,0.297071
5,0.256469
6,0.253682
