User,Jitter
1,0.0660121
2,0.0684939
3,0.0463031
4,0.000433084
5,0.256469
6,0.00278671
