User,Throughput
1,0.71168
2,16.8277
3,1.5872
4,1.5872
5,1.50699
6,1.61109
