User,Delay
1,0.362276
2,0
3,0.374203
4,0
5,0
6,0
7,0
8,0.000636403
9,0.000662421
10,0.249181
