User,Jitter
1,0.113095
2,0.362276
3,0.374203
4,0.374203
5,1.18e-07
6,0
7,0
8,0.000636403
9,2.60179e-05
10,0.248519
