User,Throughput
1,0.170667
2,0
3,0.580267
4,0
5,0
6,0
7,0
8,10.2246
9,10.2246
10,17.5957
