User,Delay
1,0.161805
2,0.29028
3,0.19435
4,0.000460813
5,0.000475236
6,0.000373662
