User,Jitter
1,0.161431
2,0.128475
3,0.0959301
4,0.193889
5,0.000475118
6,0.000101573
