User,Throughput
1,4.73259
2,3.49867
3,36.2667
4,102.349
5,10.2349
6,10.2349
