User,Delay
1,0
2,0
3,0
4,0.348864
5,0.327461
6,0.257199
