User,Jitter
1,0.257199
2,0
3,0
4,0.348864
5,0.327461
6,0.0702615
