User,Throughput
1,0
2,0
3,0
4,0.1536
5,0.682667
6,1.46091
