User,Delay
1,0.000349403
2,0.000372343
3,0.264005
4,0.0520175
