User,Delay
1,0.000417733
2,0.228621
3,0.0914333
4,0.000770518
5,0.000327253
6,0.00033469
