User,Jitter
1,8.30427e-05
2,0.228203
3,0.137188
4,0.0906628
5,0.000327135
6,7.43654e-06
