User,Jitter
1,0.000349285
2,2.29394e-05
3,0.263633
4,0.211987
