User,Delay,Throughput,EnergyConsumption,LostPackets,Jitter
1,0.000417733,10.2349,1071.06,3,8.30427e-05
2,0.228621,24.5077,1045.29,4564,0.228203
3,0.0914333,71.2192,667.183,1827,0.137188
4,0.000770518,102.281,722.482,7,0.0906628
5,0.000327253,10.2366,1305.45,2,0.000327135
6,0.00033469,10.2366,601.115,2,7.43654e-06
