User,Delay
1,0
2,0
3,0
4,0
5,0.000628026
6,0.000610409
7,0
8,0
9,0
10,0
