User,Delay
1,0.210711
2,0.27307
3,0
4,0
5,0
6,0.338446
7,0.000600756
8,0.281246
9,0.336805
10,0.332073
11,0.269437
12,0.28413
13,0
14,0.000627388
15,0
16,0.287175
17,0.306415
18,0
19,0
20,0
