User,Jitter
1,0.210711
2,0.0623593
3,0.27307
4,0
5,1.18e-07
6,0.338446
7,0.337845
8,0.280645
9,0.0555586
10,0.00473145
11,0.0626362
12,0.0146934
13,0.28413
14,0.000627388
15,0.000627388
16,0.287175
17,0.01924
18,0.306415
19,0
20,0
