User,Delay,Throughput,EnergyConsumption,LostPackets,Jitter
1,0,0,637.096,6000,0
2,0,0,1909.15,6000,0
3,0,0,192.405,6000,0
4,0,0,229.463,6000,0
5,0.000628026,10.2315,1308.7,5,0.000627908
6,0.000610409,10.2315,1368.18,5,1.76169e-05
7,0,0,398.147,6000,0.000610409
8,0,0,1121.03,6000,0
9,0,0,918.93,6000,0
10,0,0,2022.72,6000,0
