User,Throughput
1,30.5152
2,5.2224
3,0
4,0
5,0
6,0.397653
7,10.2349
8,0.628053
9,0.406187
10,0.423253
11,1.00523
12,0.570027
13,0
14,10.2349
15,0
16,0.529067
17,0.529067
18,0
19,0
20,0
