User,Delay
1,0.240764
2,0.292562
3,0.0562082
4,0.294855
5,0.242447
6,0.240533
