User,Jitter
1,0.000231256
2,0.0517981
3,0.236354
4,0.238646
5,0.242447
6,0.0019143
