User,Throughput
1,2.03947
2,2.9696
3,83.456
4,2.11627
5,1.95413
6,2.04459
