User,Delay
1,0.000460734
2,0.0390293
3,0.0586111
4,0.294599
5,0.223972
6,0.0261842
