User,Jitter
1,0.0257235
2,0.0385686
3,0.0195818
4,0.235988
5,0.223972
6,0.197788
