User,Throughput
1,10.2349
2,89.2245
3,82.5003
4,2.37227
5,2.58219
6,9.35595
