User,Delay
1,0.0124937
2,0.298583
3,0.30172
4,0.318116
5,0.256947
6,0.254551
