User,Jitter
1,0.242057
2,0.286089
3,0.00313753
4,0.0163956
5,0.256947
6,0.00239596
