User,Throughput
1,9.83381
2,1.62133
3,1.4848
4,1.60427
5,1.51381
6,1.5872
