User,Delay
1,0.000295933
2,0.000393956
3,0.000314948
4,0.000385383
5,0.00039452
6,0.000377288
