User,Delay
1,0.00027665
2,0.000276328
3,0.000351438
4,0.000320721
