User,Jitter
1,0.000276532
2,3.21763e-07
3,7.51092e-05
4,3.07161e-05
