User,Delay,Throughput,EnergyConsumption,LostPackets,Jitter
1,0.000295933,10.2349,1371.53,3,8.13546e-05
2,0.000393956,102.332,486.473,4,9.80225e-05
3,0.000314948,102.349,1120.85,3,7.90082e-05
4,0.000385383,102.349,82.6016,3,7.04352e-05
5,0.00039452,10.2332,13.7406,4,0.000394402
6,0.000377288,10.2332,242.182,4,1.72319e-05
