User,Delay
1,0.000347869
2,0.179005
3,0.000311659
4,0.230702
5,0.000318198
6,0.000282631
