User,Delay
1,0.000272175
2,0.000276876
3,0.201598
4,0.000328464
