User,Jitter
1,0.000272057
2,4.70069e-06
3,0.201321
4,0.201269
