User,Jitter
1,2.09112e-05
2,0.217832
3,0.00239823
4,0.219828
5,0.000309494
6,4.19298e-05
