User,Delay,Throughput,EnergyConsumption,LostPackets,Jitter
1,0.000330631,10.2366,0.833153,2,2.09112e-05
2,0.218162,28.7232,616.973,4317,0.217832
3,0.220561,27.904,873.583,4365,0.00239823
4,0.000732997,102.298,823.108,6,0.219828
5,0.000309612,10.2366,752.685,2,0.000309494
6,0.000351542,10.2366,258.797,2,4.19298e-05
