NodeType,NodeId,X,Y,Z,DistanceFromBSS
gNB,0,0,0,0,0
UE,1,1.98199,3.23802,1.5,4.08204
UE,2,91.7216,62.6446,1.5,111.083
UE,3,108.795,75.0534,1.5,132.18
UE,4,125.301,27.5588,1.5,128.305
UE,5,105.73,62.2309,1.5,122.694
UE,6,47.8538,53.7002,1.5,71.944
