User,Delay
1,0.303705
2,0.25169
3,0
4,0.327139
5,0
6,0.00057499
7,0
8,0.000577658
9,0.233921
10,0
