User,Delay
1,0.000289098
2,0.000298261
3,0.000358614
4,0.000378843
5,0.00030207
6,0.000322756
