User,Delay
1,0.000324356
2,0.000302803
3,0.0003187
4,0.217568
5,0.000272318
6,0.000277629
