User,Jitter
1,3.36586e-05
2,9.16335e-06
3,6.03534e-05
4,2.02287e-05
5,0.000301952
6,2.06857e-05
