User,Jitter
1,4.67263e-05
2,2.15525e-05
3,1.58972e-05
4,0.217249
5,0.0002722
6,5.311e-06
