User,Delay,Throughput,EnergyConsumption,LostPackets,Jitter
1,0.000324356,10.2349,106.158,3,4.67263e-05
2,0.000302803,102.349,311.981,3,2.15525e-05
3,0.0003187,102.349,391.577,3,1.58972e-05
4,0.217568,28.5525,55.8522,4327,0.217249
5,0.000272318,10.2366,1094.97,2,0.0002722
6,0.000277629,10.2366,1390.67,2,5.311e-06
