NodeType,NodeId,X,Y,Z,DistanceFromBSS
gNB,0,0,0,0,0
UE,1,44.8835,10.3142,1.5,46.0778
UE,2,68.8874,38.625,1.5,78.9913
UE,3,88.4677,1.66022,1.5,88.496
UE,4,2.32122,33.3077,1.5,33.4222
UE,5,29.7815,144.949,1.5,147.985
UE,6,86.9348,142.315,1.5,166.774
