User,Throughput
1,0.923307
2,0.256
3,0
4,0.836267
5,10.2298
6,2.18283
