User,Delay
1,0.000281093
2,0.209855
3,0.000303509
4,0.000329258
5,0.000272162
6,0.000276628
