User,Delay,Throughput,EnergyConsumption,LostPackets,Jitter
1,0.000281093,10.2366,46.7815,2,4.46549e-06
2,0.209855,30.9419,1116.29,4187,0.209574
3,0.000303509,102.349,494.893,3,0.209552
4,0.000329258,102.349,155.336,3,2.57483e-05
5,0.000272162,10.2366,546.582,2,0.000272044
6,0.000276628,10.2366,481.167,2,4.46549e-06
