NodeType,NodeId,X,Y,Z,DistanceFromBSS
gNB,0,0,0,0,0
UE,1,14.1329,133.947,1.5,134.699
UE,2,98.559,69.4059,1.5,120.554
UE,3,112.299,2.74356,1.5,112.342
UE,4,98.7477,32.641,1.5,104.013
UE,5,144.7,24.438,1.5,146.757
UE,6,72.9124,47.1809,1.5,86.8592
UE,7,118.181,76.4205,1.5,140.745
UE,8,12.0519,97.2867,1.5,98.0418
UE,9,94.5554,145.182,1.5,173.265
UE,10,5.10957,53.5161,1.5,53.7804
