User,Throughput
1,0.7168
2,0.9728
3,6.28053
4,30.7371
5,1.85685
6,0.508587
7,0.438613
8,0.66048
9,0.494933
10,0.7168
