User,Delay
1,0.216364
2,0
3,0
4,0
5,0
6,0.347681
7,0
8,0
9,0.446971
10,0.216359
