User,Delay
1,0.305684
2,0.300293
3,0.119938
4,0.297541
5,0.288133
6,0.270303
7,0.293842
8,0.10229
9,0.296028
10,0.304251
