User,Jitter
1,0.0668822
2,0.208901
3,0
4,0
5,1.18e-07
6,0.306479
7,0.0596867
8,0.0348303
9,0.000525155
10,0.0701622
11,0.0600823
12,0.0254049
13,0.315937
14,0.280673
15,0.0216522
16,0.00146557
17,0.03311
18,0.228022
19,0
20,0.275783
