User,Delay
1,0.00048284
2,0.236847
3,0.115286
4,0.298341
5,0.201872
6,0.252301
