User,Jitter
1,0.251818
2,0.236364
3,0.121561
4,0.183055
5,0.201872
6,0.0504287
