User,Throughput
1,10.2332
2,21.8795
3,63.4027
4,1.5872
5,3.42187
6,1.64011
