User,Delay
1,0.000280483
2,0.198547
3,0.00030741
4,0.0597998
5,0.000271552
6,0.000276017
