User,Delay,Throughput,EnergyConsumption,LostPackets,Jitter
1,0.000280483,10.2366,947.727,2,4.46549e-06
2,0.198547,34.7989,1178.72,3961,0.198267
3,0.00030741,102.349,282.855,3,0.19824
4,0.0597998,82.1419,222.137,1187,0.0594924
5,0.000271552,10.2366,198.175,2,0.000271434
6,0.000276017,10.2366,261.722,2,4.46549e-06
