User,Delay,Throughput,EnergyConsumption,LostPackets,DeviceType,Distance
1,0.000271498,10.2366,329.849,2,IoT,81.2218
2,0.000275967,10.2366,53.053,2,IoT,32.5739
3,0.000285007,102.366,1117.47,2,Smartphone,149.497
4,0.000293941,102.349,1252.06,3,Smartphone,158.244
