User,Jitter
1,0
2,0.320545
3,0.320545
4,0
5,0.282568
6,0.282568
7,0.359686
8,0.359686
9,0.000558003
10,0.000558003
