User,Jitter
1,0
2,0
3,0
4,0
5,0.304548
6,0.0381767
7,0.342724
8,0.000537766
9,1.11835e-05
10,0.00054895
11,0
12,0
13,0
14,0.273824
15,0.273824
16,0
17,0
18,0
19,0
20,0
