User,Throughput
1,0
2,1.8432
3,0
4,0
5,0.610987
6,0
7,0.0375467
8,0
9,10.2246
10,0
