User,Throughput
1,0
2,0
3,0
4,0
5,0.151893
6,0.254293
7,0
8,10.2263
9,10.2263
10,0
11,0
12,0
13,0
14,0.913067
15,0
16,0
17,0
18,0
19,0
20,0
