User,Delay
1,0.303724
2,0
3,0.289221
4,0
5,0
6,0.00494709
7,0
8,0.326638
9,0
10,0
11,0.300571
12,0.338156
13,0.000686395
14,0.000677467
15,0
16,0
17,0
18,0
19,0
20,0
