User,Delay
1,0.17278
2,0.17209
3,0.287898
4,0.287907
5,0.000395034
6,0.000560288
