User,Jitter
1,0.081147
2,0.0560411
3,0.243097
4,0.132757
5,0.349109
6,0.349109
7,0
8,0
9,0
10,0.217991
