User,Delay,Throughput,EnergyConsumption,LostPackets,Jitter
1,0.299138,1.7408,607.893,5898,0.081147
2,0.243097,20.3264,17.2065,4809,0.0560411
3,0,0,1660.42,6000,0.243097
4,0.132757,57.9413,109.522,2605,0.132757
5,0.349109,0.109227,724.183,5936,0.349109
6,0,0,842.72,6000,0.349109
7,0,0,660.314,6000,0
8,0,0,1720.97,6000,0
9,0,0,1121.94,6000,0
10,0.217991,28.8768,70.4917,4308,0.217991
