User,Throughput
1,0.494933
2,0
3,4.69333
4,0
5,0
6,10.0796
7,0
8,0.0887467
9,0
10,0
11,0.128
12,0.375467
13,10.2366
14,10.2366
15,0
16,0
17,0
18,0
19,0
20,0
