User,Delay
1,0.255184
2,0.118094
3,0.295987
4,0
5,0.319284
6,0.255055
