User,Jitter
1,0.000128657
2,0.13709
3,0.177893
4,0.295987
5,0.319283
6,0.0642282
