User,Throughput
1,1.51723
2,62.0715
3,1.55307
4,0
5,0.91648
6,1.52064
