User,Delay
1,0.31345
2,0.265814
3,0.0768462
4,0.309921
5,0.000402016
6,0.321302
7,0.276009
8,0.293522
9,0.124734
10,0.327222
