User,Jitter
1,0.297395
2,0.297395
3,0
4,0
5,1.18e-07
6,0.249244
7,0.0296054
8,0.0124291
9,4.464e-06
10,0.0355713
11,0.230853
12,0.308569
13,0.173051
14,8.928e-06
15,0.170652
16,0.00646245
17,0.00132171
18,0.298376
19,0
20,0
