User,Delay,Throughput,EnergyConsumption,LostPackets,Jitter
1,0.31345,2.90133,200.48,5830,0.013772
2,0.265814,11.8784,1292.11,5304,0.0476363
3,0.0768462,76.3904,830.477,1524,0.188968
4,0.309921,1.60427,798.825,5906,0.233074
5,0.000402016,10.2366,841.452,2,0.000401898
6,0.321302,1.30048,150.012,5238,0.3209
7,0.276009,0.83968,975.882,5508,0.0452934
8,0.293522,1.07179,124.98,5372,0.0175138
9,0.124734,6.00576,590.82,2481,0.168788
10,0.327222,0.887467,790.343,5948,0.202488
