NodeType,NodeId,X,Y,Z,DistanceFromBSS
gNB,0,0,0,0,0
UE,1,63.2372,2.89799,1.5,63.3214
UE,2,82.8143,137.774,1.5,160.755
UE,3,125.754,28.1622,1.5,128.878
UE,4,5.21469,126.282,1.5,126.398
UE,5,10.8135,129.267,1.5,129.727
UE,6,22.4204,49.9531,1.5,54.7744
UE,7,101.116,96.39,1.5,139.706
UE,8,49.8776,3.09422,1.5,49.996
UE,9,48.1929,97.4248,1.5,108.703
UE,10,85.5304,92.1367,1.5,125.725
