User,Throughput
1,2.90133
2,11.8784
3,76.3904
4,1.60427
5,10.2366
6,1.30048
7,0.83968
8,1.07179
9,6.00576
10,0.887467
