User,Delay
1,0.300703
2,0.298202
3,0.280645
4,0.211161
5,0.246777
6,0.290705
7,0.328305
8,0.309238
9,0.312136
10,0.303588
