User,Jitter
1,0.137436
2,0.137436
3,0
4,0.251621
5,1.18e-07
6,0.000426893
7,0.251682
8,4.464e-06
9,0.00474328
10,0.00490026
11,0.0317505
12,0.0251879
13,0.267979
14,0.265296
15,0.0340369
16,0.00648493
17,0.00960168
18,0.283588
19,0
20,0
