User,Jitter
1,0.00288467
2,0.00250125
3,0.0175566
4,0.0694846
5,0.246777
6,0.0439274
7,0.0376
8,0.0190666
9,0.00289813
10,0.00854816
