User,Delay
1,0.164554
2,0.286669
3,0.283532
4,0.000440015
5,0.000347782
6,0.000348504
