User,Jitter
1,0.164206
2,0.122114
3,0.00313677
4,0.283092
5,0.000347664
6,7.22527e-07
