User,Throughput
1,4.64213
2,4.48853
3,5.3248
4,102.349
5,10.2349
6,10.2349
