User,Jitter
1,0.321305
2,0.115137
3,0.115624
4,0.115642
5,0.226765
6,0.0950264
