User,Throughput
1,10.2332
2,63.3515
3,0
4,63.3515
5,2.12992
6,0.785067
