User,Delay
1,0
2,0
3,0.296682
4,0
5,0.000590939
6,0
