User,Jitter
1,0
2,0
3,0.296682
4,0.296682
5,0.000590821
6,0.000590939
