User,Throughput
1,3.37749
2,84.2411
3,2.048
4,2.33813
5,2.81259
6,2.92693
