User,Delay
1,0.323006
2,0
3,0.121282
4,0.193646
5,0
6,0.509583
