User,Jitter
1,0.186577
2,0.323006
3,0.121282
4,0.0723635
5,1.18e-07
6,0.509583
