User,Throughput
1,0.969387
2,0
3,61.2011
4,36.5227
5,0
6,0.000986667
