User,Delay
1,0.151178
2,0.295646
3,0.295848
4,0.294402
5,0.221059
6,0.24308
