User,Delay
1,0.000344669
2,0.000374246
3,0.000394273
4,0.008969
5,0.00815917
6,0.000352341
