User,Delay
1,0.00251905
2,0.000388546
3,0.000308571
4,0.000321587
