User,Delay
1,0.00036506
2,0.000276087
3,0.00028502
