User,Jitter
1,0.00251893
2,0.00213051
3,7.99746e-05
4,1.30161e-05
