User,Delay,Throughput,EnergyConsumption,LostPackets,Jitter
1,0.000344669,10.2349,1495.73,3,7.67221e-06
2,0.000374246,102.349,23.3332,3,2.95768e-05
3,0.000394273,102.332,337.581,4,2.00275e-05
4,0.008969,98.8672,610.227,207,0.00857472
5,0.00815917,9.92427,420.907,185,0.00815905
6,0.000352341,10.2332,1024.22,4,0.00780683
