User,Delay
1,0.265812
2,0.118451
3,0
4,0
5,0
6,0.0220126
