User,Jitter
1,0.2438
2,0.147361
3,0.118451
4,0
5,1.18e-07
6,0.0220126
