User,Throughput
1,1.53259
2,62.7883
3,0
4,0
5,0
6,9.57099
