User,Delay
1,0.000561442
2,0
3,0.298163
4,0.566733
5,0
6,0
