User,Jitter
1,0.000561442
2,0.000561442
3,0.298163
4,0.26857
5,1.18e-07
6,0
