User,Delay
1,0
2,0
3,0.376008
4,0.298926
5,0.328698
6,0.34741
7,0
8,0.000551289
9,0.331169
10,0
