User,Throughput
1,0
2,0
3,0.375467
4,1.4848
5,0.597333
6,0.116053
7,0
8,10.2366
9,0.0836267
10,0
