User,Jitter
1,0.000204172
2,0.159718
3,0.159884
4,0.0551666
5,0.000297031
6,1.28461e-05
