User,Jitter
1,0
2,0
3,0
4,0.41949
5,1.18e-07
6,0
7,0
8,0.000568042
9,0.000191784
10,0.000759826
