User,Delay
1,0.00027596
2,0.000280428
3,0.000289476
4,0.000358585
