User,Jitter
1,0.000275842
2,4.46847e-06
3,9.04801e-06
4,6.91085e-05
