User,Delay
1,0.349691
2,0
3,0
4,0
5,0
6,0.289005
7,0
8,0
9,0
10,0.346408
11,0.193988
12,0.417318
13,0.000611324
14,0
15,0
16,0.438571
17,0
18,0
19,0
20,0
