User,Throughput
1,0.2048
2,0
3,0
4,0
5,0
6,0.426667
7,0
8,0
9,0
10,0.0426667
11,3.81269
12,0.00341333
13,10.2212
14,0
15,0
16,0.0682667
17,0
18,0
19,0
20,0
