User,Delay
1,0.251083
2,0.329236
3,0
4,0.319286
5,0.286222
6,0.000545327
