User,Delay
1,0.000365104
2,0.000276133
3,0.000285024
