User,Delay
1,0.000316103
2,0.000282214
3,0.000291259
4,0.086103
