User,Jitter
1,0.000315985
2,3.38889e-05
3,9.04533e-06
4,0.0858117
