User,Jitter
1,6.52383e-05
2,0.178657
3,0.178693
4,0.230391
5,0.00031808
6,3.55677e-05
