User,Delay,Throughput,EnergyConsumption,LostPackets,Jitter
1,0.000347869,10.2349,1073.73,3,6.52383e-05
2,0.179005,41.5232,768.593,3567,0.178657
3,0.000311659,102.349,1049.95,3,0.178693
4,0.230702,23.8933,1093.81,4600,0.230391
5,0.000318198,10.2349,970.55,3,0.00031808
6,0.000282631,10.2366,1236.51,2,3.55677e-05
