User,Delay
1,0.000374317
2,0.126938
3,0.232644
4,0.256002
5,0.0209498
6,0.00038781
