User,Jitter
1,1.34929e-05
2,0.126563
3,0.105706
4,0.0233583
5,0.0209496
6,0.0205619
