User,Delay,Throughput,EnergyConsumption,LostPackets,Jitter
1,0.000374317,10.2349,1423.36,3,1.34929e-05
2,0.126938,59.4091,432.275,2519,0.126563
3,0.232644,22.8352,534.363,4662,0.105706
4,0.256002,14.8992,1020.23,5127,0.0233583
5,0.0209498,10.1393,214.374,59,0.0209496
6,0.00038781,10.2349,865.769,3,0.0205619
