User,Delay
1,0.240862
2,0.215703
3,0
4,0.180231
5,0
6,0
7,0
8,0
9,0
10,0
