User,Jitter
1,0.111927
2,0.063651
3,0.0113713
4,0.00970301
5,0.216721
6,0.0987131
