User,Jitter
1,0.240862
2,0.0251589
3,0.215703
4,0.180231
5,1.18e-07
6,0
7,0
8,0
9,0
10,0
