User,Delay,Throughput,EnergyConsumption,LostPackets,Jitter
1,0.240862,20.4288,607.245,4803,0.240862
2,0.215703,29.0304,1491.09,4299,0.0251589
3,0,0,1081.47,6000,0.215703
4,0.180231,41.1477,750.73,3589,0.180231
5,0,0,1427.27,6000,1.18e-07
6,0,0,85.6057,6000,0
7,0,0,1800.15,6000,0
8,0,0,1663.45,6000,0
9,0,0,878.982,6000,0
10,0,0,740.522,6000,0
