User,Throughput
1,2.42005
2,2.47467
3,6.4
4,2.9184
5,2.44736
6,6.23445
