User,Jitter
1,0.266014
2,0
3,0
4,0
5,1.18e-07
6,0.266014
