User,Jitter
1,0
2,0
3,0
4,0
5,1.18e-07
6,0
7,0
8,0
9,0
10,0
11,0.293756
12,0.293756
13,0
14,0.000569368
15,0.000569368
16,0
17,0
18,0
19,0
20,0
