User,Delay
1,0.000289463
2,0.263786
3,0.000311557
4,0.256107
5,0.000339636
6,0.00028587
