User,Delay
1,0.000598846
2,0.347638
3,0
4,0
5,0
6,0
