User,Jitter
1,0.000598846
2,0.347039
3,0.347638
4,0
5,1.18e-07
6,0
