User,Jitter
1,0.131271
2,0.0190395
3,0.105794
4,0.190347
5,0.256734
6,0.0728247
