User,Throughput
1,1.17077
2,1.57013
3,37.6661
4,0
5,1.49675
6,3.97824
