User,Delay
1,0.299138
2,0.243097
3,0
4,0.132757
5,0.349109
6,0
7,0
8,0
9,0
10,0.217991
