User,Delay
1,0.160267
2,0.289236
3,0.000407988
4,0.275515
5,0.000316167
6,0.137506
