User,Jitter
1,0.0227607
2,0.128969
3,0.288828
4,0.275107
5,0.000316049
6,0.13719
