User,Delay,Throughput,EnergyConsumption,LostPackets,Jitter
1,0.160267,4.74283,558.529,3221,0.0227607
2,0.289236,3.31093,952.293,5806,0.128969
3,0.000407988,102.332,990.527,4,0.288828
4,0.275515,8.26027,35.7108,5516,0.275107
5,0.000316167,10.2366,1060.51,2,0.000316049
6,0.137506,5.58592,1218.07,2727,0.13719
