User,Delay
1,0.291155
2,0.119202
3,0.251982
4,0.296206
5,0.25305
6,0.00034103
7,0.26255
8,0.000349958
9,0.000354422
10,0.295559
