User,Jitter
1,0.299836
2,0.00548962
3,0.133112
4,0.427458
5,0.28176
6,0.281248
7,0.278639
8,0.0416289
9,0.237065
10,4.464e-06
11,0.297614
12,0.019922
13,0.249583
14,0.114344
15,0.153265
16,0.102112
17,0.0966377
18,0.0392251
19,0.32993
20,0
