User,Jitter
1,0.00440404
2,0.171953
3,0.13278
4,0.044224
5,0.25305
6,0.252709
7,0.262209
8,0.2622
9,4.464e-06
10,0.295205
