User,Delay
1,0
2,0
3,0
4,0.304822
5,0
6,0.000926901
7,0.0214039
8,0.000651038
9,0.000645534
10,0
11,0
12,0
13,0.000615303
14,0.358659
15,0
16,0.305473
17,0.246372
18,0
19,0
20,0.477046
