User,Jitter
1,4.464e-06
2,0.216364
3,0
4,0
5,1.18e-07
6,0.347681
7,0.347681
8,0
9,0.446971
10,0.230611
