User,Jitter
1,0.477046
2,0
3,0
4,0.304822
5,1.18e-07
6,0.000926901
7,0.020477
8,0.0207528
9,5.50487e-06
10,0.000645534
11,0
12,0
13,0.000615303
14,0.358043
15,0.358659
16,0.305473
17,0.0591011
18,0.246372
19,0
20,0.477046
