User,Delay,Throughput,EnergyConsumption,LostPackets,Jitter
1,0.216364,28.9792,1816.46,4302,4.464e-06
2,0,0,279.507,6000,0.216364
3,0,0,485.61,6000,0
4,0,0,73.9576,6000,0
5,0,0,606.079,6000,1.18e-07
6,0.347681,0.23952,930.165,5859,0.347681
7,0,0,1387.62,6000,0.347681
8,0,0,1083.4,6000,0
9,0.446971,0.00170667,459.341,5999,0.446971
10,0.216359,28.9792,1134.95,4302,0.230611
