User,Throughput
1,0
2,0
3,0
4,4.06187
5,0
6,10.2315
7,9.46176
8,10.2315
9,10.2315
10,0
11,0
12,0
13,10.2315
14,0.136533
15,0
16,0.631467
17,19.1147
18,0
19,0
20,0.0341333
