User,Throughput
1,28.9792
2,0
3,0
4,0
5,0
6,0.23952
7,0
8,0
9,0.00170667
10,28.9792
