User,Jitter
1,8.13546e-05
2,9.80225e-05
3,7.90082e-05
4,7.04352e-05
5,0.000394402
6,1.72319e-05
