User,Jitter
1,0
2,0
3,0.296146
4,0.000263802
5,1.18e-07
6,0.247842
7,0.247842
8,0
9,0.29803
10,0.29803
