User,Throughput
1,0
2,0
3,1.4848
4,1.55307
5,0
6,1.82101
7,0
8,0
9,0.636587
10,0
