User,Delay
1,0.241026
2,0.262566
3,0.151278
4,0.355904
5,0.257329
6,0.256511
