User,Jitter
1,0.0154844
2,0.241026
3,0
4,0.355904
5,0.257329
6,0.000818179
