User,Throughput
1,1.26464
2,0
3,0
4,0.8192
5,1.42336
6,1.53259
