User,Delay
1,0.000364971
2,0.000276087
3,0.00028502
