User,Jitter
1,3.59262e-06
2,0.263496
3,0.263474
4,0.255796
5,0.000339518
6,5.37658e-05
