User,Delay,Throughput,EnergyConsumption,LostPackets,Jitter
1,0.000289463,10.2349,1396.35,3,3.59262e-06
2,0.263786,12.6464,690.725,5259,0.263496
3,0.000311557,102.349,217.462,3,0.263474
4,0.256107,15.2747,390.502,5105,0.255796
5,0.000339636,10.2349,278.264,3,0.000339518
6,0.00028587,10.2366,494.03,2,5.37658e-05
