User,Delay
1,0.0078325
2,0.0287671
3,0.028768
4,0.0000451677
5,0.01888
6,0.0178499
