User,Jitter
1,0.100174
2,0.209346
3,8.928e-06
4,0.287228
5,0.1888
6,0.0103005
