User,Throughput
1,7.53835
2,4.26667
3,4.26667
4,102.315
5,3.91509
6,4.14891
