User,Delay
1,0.256575
2,0.351041
3,0.320623
4,0.222559
5,0
6,0.237777
