User,Jitter
1,0.0187979
2,0.0944658
3,0.0304183
4,0.0980634
5,1.18e-07
6,0.237777
