User,Throughput
1,1.50528
2,1.4336
3,0.989867
4,26.5557
5,0
6,2.14016
