User,Jitter
1,0.00143282
2,0.00539021
3,0.180355
4,0.177603
5,0.288133
6,0.0178299
7,0.023539
8,0.191552
9,0.193737
10,0.008223
