User,Throughput
1,0.699733
2,1.024
3,61.5765
4,1.65547
5,0.68096
6,0.622933
7,0.546133
8,6.77205
9,0.68608
10,0.699733
