User,Delay
1,0.31131
2,0.302477
3,0
4,0
5,0
6,0
7,0.29146
8,0.000591165
9,0
10,0.000607417
11,0.18651
12,0
13,0
14,0
15,0
16,0.360426
17,0.21551
18,0
19,0
20,0
