User,Jitter
1,0.211858
2,0.211858
3,0
4,0.176131
5,1.18e-07
6,0.000492989
7,4.464e-06
8,0.000497453
9,0
10,0
