User,Jitter
1,0.31131
2,0.00883367
3,0.302477
4,0
5,1.18e-07
6,0
7,0.29146
8,0.290869
9,0.000591165
10,0.000607417
11,0.185903
12,0.18651
13,0
14,0
15,0
16,0.360426
17,0.144916
18,0.21551
19,0
20,0
