NodeType,NodeId,X,Y,Z,DistanceFromBSS
gNB,0,0,0,0,0
UE,1,109.484,112.115,1.5,156.713
UE,2,9.36028,138.17,1.5,138.494
UE,3,14.5106,13.9478,1.5,20.1829
UE,4,14.4571,5.52691,1.5,15.55
UE,5,12.8592,39.5661,1.5,41.6304
UE,6,8.0001,148.814,1.5,149.036
UE,7,148.916,104.603,1.5,181.99
UE,8,107.795,17.3336,1.5,109.19
UE,9,83.3695,58.1296,1.5,101.645
UE,10,105.821,54.0144,1.5,118.818
