User,Throughput
1,0.8192
2,0.0682667
3,0
4,0
5,0
6,0
7,0.607573
8,10.2315
9,0
10,10.2315
11,2.55147
12,0
13,0
14,0
15,0
16,0.290133
17,29.5936
18,0
19,0
20,0
