User,Delay,Throughput,EnergyConsumption,LostPackets,Jitter
1,0.000293499,10.2349,1645.47,3,7.46062e-06
2,0.000310295,102.349,470.864,3,1.67956e-05
3,0.124589,58.7093,773.757,2560,0.124279
4,0.000321994,102.349,1159.85,3,0.124267
5,0.000374032,10.2349,624.118,3,0.000373914
6,0.000286039,10.2366,797.609,2,8.7993e-05
