User,Jitter
1,6.50296e-05
2,0.29417
3,0.294731
4,0.0684236
5,0.000499941
6,3.93653e-06
