User,Delay
1,0.000339321
2,0.00028489
3,0.126729
4,0.121641
