User,Delay
1,0.000293499
2,0.000310295
3,0.124589
4,0.000321994
5,0.000374032
6,0.000286039
