User,Jitter
1,7.46062e-06
2,1.67956e-05
3,0.124279
4,0.124267
5,0.000373914
6,8.7993e-05
