User,Jitter
1,0.000339203
2,5.44304e-05
3,0.126444
4,0.00508853
