User,Delay
1,0.216549
2,0.000480482
3,0.293992
4,0.291536
5,0.219004
6,0.183276
