User,Jitter
1,0.0332733
2,0.216069
3,0.293511
4,0.00245549
5,0.219004
6,0.0357285
