User,Throughput
1,2.89963
2,102.332
3,2.88427
4,3.08907
5,2.76992
6,3.98848
