User,Jitter
1,0.293258
2,0.00902356
3,0.302281
4,0
5,0.285728
6,0.0164084
7,0.0961682
8,0.13833
9,0.0344056
10,0.258786
11,0.259201
12,0.261192
13,0.0880634
14,0.101163
15,0.023747
16,0.000915382
17,0.110056
18,0.188898
19,0
20,0
