User,Jitter
1,0.188026
2,0.185125
3,0.283417
4,0.277348
5,0.253072
6,0.252763
7,4.464e-06
8,0.0274108
9,0.153413
10,0.105572
