User,Delay
1,0.298761
2,0.302218
3,0.296832
4,0.0737819
5,0.265284
6,0.265403
7,0.277049
8,0.000428362
9,0.189919
10,0.298003
