User,Jitter
1,0.00075882
2,0.00345623
3,0.00538558
4,0.22305
5,0.265284
6,0.00011956
7,0.0116451
8,0.27662
9,0.189491
10,0.108083
