User,Throughput
1,0.802133
2,0.955733
3,1.82613
4,77.5168
5,1.26635
6,1.09056
7,0.795307
8,10.2349
9,3.78539
10,1.19467
