User,Delay
1,0
2,0
3,0
4,0
5,0
6,0.000707829
7,0.29164
8,0
9,0
10,0.318013
11,0
12,0.232605
13,0
14,0.362631
15,0
16,0
17,0.217971
18,0
19,0
20,0
