User,Delay
1,0
2,0
3,0
4,0.382248
5,0
6,0
7,0.00063778
8,0
9,0
10,0
