User,Jitter
1,0
2,0
3,0
4,0
5,1.18e-07
6,0.000707829
7,0.290932
8,0.29164
9,0
10,0.318013
11,0.318013
12,0.232605
13,0.232605
14,0.362631
15,0.362631
16,0
17,0.217971
18,0.217971
19,0
20,0
