User,Delay,Throughput,EnergyConsumption,LostPackets,Jitter
1,0,0,832.759,6000,0
2,0,0,1084.48,6000,0
3,0,0,1243.8,6000,0
4,0.382248,0.392533,1412.69,5977,0.382248
5,0,0,674.981,6000,1.18e-07
6,0,0,1833.87,6000,0
7,0.00063778,10.2212,1071.28,11,0.00063778
8,0,0,653.948,6000,0.00063778
9,0,0,1222.96,6000,0
10,0,0,447.49,6000,0
