User,Jitter
1,0.303724
2,0.303724
3,0.289221
4,0.289221
5,1.18e-07
6,0.00494709
7,0.00494709
8,0.326638
9,0.326638
10,0
11,0.300571
12,0.037585
13,0.33747
14,8.928e-06
15,0.000677467
16,0
17,0
18,0
19,0
20,0
