User,Delay
1,0.000271498
2,0.000275967
3,0.000294011
4,0.000363098
