User,Jitter
1,0.00027138
2,4.46847e-06
3,1.80445e-05
4,6.9087e-05
