User,Delay,Throughput,EnergyConsumption,LostPackets,Jitter
1,0.000361073,10.2332,573.904,4,1.1272e-05
2,0.0486444,86.016,387.066,960,0.0482833
3,0.00051827,102.332,611.767,4,0.0481261
4,0.0614247,80.5205,160.421,1282,0.0609064
5,0.00034451,10.2332,498.324,4,0.000344392
6,0.000349801,10.2332,1125.24,4,5.29033e-06
