User,Jitter
1,0.265462
2,0
3,0
4,0
5,0.259607
6,0.00585484
