User,Delay
1,0.000371913
2,0.000413314
3,0.281406
4,0.000449578
5,0.000362994
6,0.000367448
