User,Jitter
1,4.46474e-06
2,4.14013e-05
3,0.280992
4,0.280956
5,0.000362876
6,4.45432e-06
