User,Delay
1,0.179888
2,0.172729
3,0.0854856
4,0.295202
5,0.0112788
6,0.310962
7,0.000422761
8,0.000460157
9,0.276822
10,0.245609
