User,Jitter
1,0.286774
2,0.00364034
3,0.290414
4,0.285049
5,0.191294
6,0.157402
7,0.066616
8,0.281584
9,0.280277
10,0.280268
11,0.300243
12,0.0265554
13,0.032343
14,0.294498
15,0.29557
16,0.0327028
17,0.0298552
18,0.293184
19,0
20,0
