User,Delay,Throughput,EnergyConsumption,LostPackets,Jitter
1,0.179888,40.6528,326.938,3618,0.0657212
2,0.172729,43.3493,78.1842,3460,0.00715874
3,0.0854856,73.2331,1253.87,1709,0.0872433
4,0.295202,1.9456,779.112,5886,0.209716
5,0.0112788,9.86795,129.768,218,0.0112786
6,0.310962,0.723627,1193.16,5576,0.299684
7,0.000422761,10.2366,156.415,2,0.31054
8,0.000460157,10.2366,412.811,2,3.73961e-05
9,0.276822,0.79872,1119.09,5532,0.276362
10,0.245609,18.7221,1354.34,4903,0.0312133
