User,Throughput
1,40.6528
2,43.3493
3,73.2331
4,1.9456
5,9.86795
6,0.723627
7,10.2366
8,10.2366
9,0.79872
10,18.7221
