User,Throughput
0,0.518879
1,0.0205864
2,0.0102648
