User,Delay
1,0
2,0
3,0.301956
4,0
5,0
6,0
7,0.282805
8,0.282593
9,0
10,0.000651827
11,0.188512
12,0.347966
13,0.000616908
14,0.00060798
15,0
16,0.280864
17,0
18,0
19,0
20,0
