User,Delay
1,0
2,0
3,0
4,0.41949
5,0
6,0
7,0
8,0.000568042
9,0.000759826
10,0
