User,Jitter
1,0.183741
2,0.232443
3,0.00419057
4,0.000216167
5,0.220955
6,0.0226255
