User,Jitter
1,0
2,0
3,0.301956
4,0.301956
5,1.18e-07
6,0
7,0.282805
8,0.000212621
9,0.282593
10,0.000651827
11,0.18786
12,0.159453
13,0.347349
14,8.928e-06
15,0.00060798
16,0.280864
17,0.280864
18,0
19,0
20,0
