User,Throughput
1,0
2,0
3,1.10933
4,0
5,0
6,0
7,0.612693
8,0.61952
9,0
10,10.2315
11,3.87755
12,0.146773
13,10.2315
14,10.2315
15,0
16,0.256
17,0
18,0
19,0
20,0
