User,Throughput
1,8.22613
2,2.85013
3,2.03093
4,2.01387
5,2.71189
6,1.96608
