User,Delay
1,0.000368107
2,0.260237
3,0.268509
4,0.000442261
5,0.000350437
6,0.00092933
