User,Jitter
1,0.000561223
2,0.259869
3,0.00827202
4,0.268067
5,0.000350319
6,0.000578893
