User,Delay
1,0.000281144
2,0.000294983
3,0.000351965
4,0.242446
5,0.000272414
6,0.00028523
