User,Jitter
1,4.08563e-06
2,1.38382e-05
3,5.6982e-05
4,0.242094
5,0.000272296
6,1.28156e-05
