User,Delay
1,0.252206
2,0.3985
3,0.298666
4,0.298897
5,0.000490701
6,0.236343
