User,Jitter
1,0.0158632
2,0.146294
3,0.0998334
4,0.000230943
5,0.000490583
6,0.235852
