User,Throughput
1,1.64352
2,0.136533
3,1.5872
4,1.5872
5,10.2298
6,2.21867
