User,Jitter
1,5.09516e-06
2,6.76521e-05
3,3.72189e-05
4,8.95182e-06
5,0.000271481
6,4.47293e-06
