User,Delay,Throughput,EnergyConsumption,LostPackets,Jitter
1,0.000281167,10.2366,198.51,2,5.09516e-06
2,0.00034882,102.349,467.795,3,6.76521e-05
3,0.000311601,102.349,1057.08,3,3.72189e-05
4,0.000320552,102.349,120.635,3,8.95182e-06
5,0.000271599,10.2366,653.156,2,0.000271481
6,0.000276072,10.2366,215.074,2,4.47293e-06
