User,Jitter
1,4.31455e-05
2,0.238664
3,0.238702
4,1.70367e-05
5,0.000278796
6,3.39846e-05
