User,Delay,Throughput,EnergyConsumption,LostPackets,Jitter
1,0.000356044,10.2349,946.286,3,4.31455e-05
2,0.23902,21.3675,1085.97,4748,0.238664
3,0.000317349,102.349,473.472,3,0.238702
4,0.000334386,102.349,423.185,3,1.70367e-05
5,0.000278914,10.2366,686.724,2,0.000278796
6,0.000312899,10.2366,517.697,2,3.39846e-05
