User,Jitter
1,0.013772
2,0.0476363
3,0.188968
4,0.233074
5,0.000401898
6,0.3209
7,0.0452934
8,0.0175138
9,0.168788
10,0.202488
