User,Delay
1,0.000286738
2,0.000295757
3,0.206093
4,0.000320437
5,0.000316174
6,0.000282261
