User,Delay
1,0.000450509
2,0.169296
3,0.0917095
4,0.221244
5,0.000324832
6,0.000345838
