User,Jitter
1,0.000104672
2,0.168846
3,0.0775867
4,0.129535
5,0.000324714
6,2.10054e-05
