User,Jitter
1,4.47665e-06
2,9.01929e-06
3,0.205798
4,0.205773
5,0.000316056
6,3.39127e-05
