User,Delay,Throughput,EnergyConsumption,LostPackets,Jitter
1,0.000286738,10.2366,762.712,2,4.47665e-06
2,0.000295757,102.349,29.8603,3,9.01929e-06
3,0.206093,32.2389,310.998,4111,0.205798
4,0.000320437,102.349,1018.32,3,0.205773
5,0.000316174,10.2349,773.931,3,0.000316056
6,0.000282261,10.2366,44.595,2,3.39127e-05
