NodeType,NodeId,X,Y,Z,DistanceFromBSS
gNB,0,0,0,0,0
UE,1,123.49,1.45501,1.5,123.508
UE,2,6.09438,23.6181,1.5,24.4378
UE,3,64.767,44.9772,1.5,78.8667
UE,4,119.826,77.4985,1.5,142.711
UE,5,94.2492,81.2002,1.5,124.413
UE,6,26.127,14.3885,1.5,29.8647
