User,Delay
1,0.257693
2,0.124099
3,0
4,0
5,0.543196
6,0.256482
