User,Jitter
1,0.00121056
2,0.133593
3,0.124099
4,0
5,0.543195
6,0.286714
