User,Delay
1,0.166034
2,0.000451438
3,0.000460113
4,0.000468789
5,0.159762
6,0.171123
