User,Delay
1,0.209405
2,0.308165
3,0.300124
4,0
5,0.273137
6,0.298127
7,0.000448144
8,0.27315
9,0.272304
10,0.2094
