User,Jitter
1,4.464e-06
2,0.0987601
3,0.00804074
4,0.300124
5,0.273137
6,0.0249902
7,0.297679
8,0.272702
9,0.000845595
10,0.0629039
