User,Delay,Throughput,EnergyConsumption,LostPackets,Jitter
1,0.257693,1.47456,1116.7,5136,0.00121056
2,0.124099,60.2453,780.561,2470,0.133593
3,0,0,630.999,6000,0.124099
4,0,0,972.201,6000,0
5,0.543196,0.000946667,730.019,5999,0.543195
6,0.256482,1.47797,619.512,5134,0.286714
