User,Throughput
1,1.47456
2,60.2453
3,0
4,0
5,0.000946667
6,1.47797
