User,Delay
1,0
2,0.297557
3,0
4,0.291425
5,0
6,0
7,0
8,0
9,0.0007021
10,0.00068104
11,0.302514
12,0
13,0.000670067
14,0.000646612
15,0
16,0
17,0
18,0
19,0
20,0
