User,Jitter
1,0
2,0.297557
3,0.297557
4,0.291425
5,1.18e-07
6,0
7,0
8,0
9,0.0007021
10,2.10598e-05
11,0.301833
12,0.302514
13,0.000670067
14,2.3454e-05
15,0.000646612
16,0
17,0
18,0
19,0
20,0
