User,Jitter
1,0.303705
2,0.0520151
3,0.25169
4,0.327139
5,1.18e-07
6,0.00057499
7,0.00057499
8,0.000577658
9,0.233343
10,0.233921
