User,Throughput
1,0.733867
2,16.5376
3,0
4,1.1264
5,0
6,10.2246
7,0
8,10.2246
9,0.00170667
10,0
