User,Delay
1,0.000312366
2,0.00051246
3,0.000334477
4,0.000343217
5,0.000341832
6,0.000386204
