User,Delay
1,0.00047825
2,0.104113
3,0.104122
4,0.291127
5,0.00668417
6,0.249162
