User,Jitter
1,0.248683
2,0.103635
3,8.928e-06
4,0.187005
5,0.00668406
6,0.242477
