User,Delay
1,0.000301775
2,0.000334736
3,0.146268
4,0.172639
5,0.00046991
6,0.000297309
