User,Jitter
1,4.46549e-06
2,3.29615e-05
3,0.145933
4,0.0263714
5,0.000469792
6,0.0001726
