User,Jitter
1,0
2,0
3,0.213388
4,0.0915886
5,1.18e-07
6,0
