User,Delay
1,0.000330631
2,0.218162
3,0.220561
4,0.000732997
5,0.000309612
6,0.000351542
