User,Delay
1,0.00027262
2,0.00027604
3,0.000285098
4,0.201346
