User,Delay
1,0.000514167
2,0.160232
3,0.000348301
4,0.0555149
5,0.000297149
6,0.000309995
