User,Jitter
1,0.000272502
2,3.41977e-06
3,9.05825e-06
4,0.201061
