User,Delay,Throughput,EnergyConsumption,LostPackets,Jitter
1,0.000514167,10.2349,327.77,3,0.000204172
2,0.160232,58.1803,1191.74,2591,0.159718
3,0.000348301,102.349,744.692,3,0.159884
4,0.0555149,88.9856,107.369,786,0.0551666
5,0.000297149,10.2366,1090.94,2,0.000297031
6,0.000309995,10.2366,442.474,2,1.28461e-05
