User,Delay
1,0.00027204
2,0.000276508
3,0.000296553
4,0.000299021
