User,Jitter
1,0.000271922
2,4.46847e-06
3,2.00443e-05
4,2.46798e-06
