User,Jitter
1,0.0707107
2,0.0639441
3,0.0638871
4,0.08325
5,0.000349583
6,0.0707124
