User,Delay,Throughput,EnergyConsumption,LostPackets,Jitter
1,0.000351427,10.2349,1219.94,3,0.0707107
2,0.0642956,79.7525,283.103,1327,0.0639441
3,0.000408473,102.349,1457.63,3,0.0638871
4,0.0836585,73.4891,704.594,1694,0.08325
5,0.000349701,10.2366,385.547,2,0.000349583
6,0.0710621,7.73803,392.292,1466,0.0707124
