User,Delay
1,0.000618962
2,0.296776
3,0.296681
4,0.220046
5,0.240809
6,0.313579
