User,Jitter
1,0.312961
2,0.296157
3,9.54313e-05
4,0.076635
5,0.240809
6,0.0727705
