User,Throughput
1,10.2263
2,1.5872
3,1.5872
4,27.4603
5,2.04629
6,1.17248
