User,Delay
1,0.22669
2,0
3,0
4,0
5,0
6,0.000469137
7,0
8,0
9,0.000459662
10,0
