User,Delay
1,0.266042
2,0.29675
3,0.0970404
4,0.297708
5,0.252306
6,0.250369
