User,Jitter
1,0.0156724
2,0.0307084
3,0.19971
4,0.200668
5,0.252306
6,0.0019366
