User,Throughput
1,1.69643
2,1.7408
3,69.2736
4,1.7408
5,1.61621
6,1.69472
