User,Delay
1,0.000533583
2,0.321362
3,0
4,0.37065
5,0.21442
6,0.324083
