User,Jitter
1,0.323549
2,0.320829
3,0.321362
4,0.37065
5,0.21442
6,0.109662
