User,Throughput
1,10.2349
2,1.4848
3,0
4,0.4096
5,2.89963
6,1.12811
